id;geplant_am;status;Angreifer;Verteidiger
1;14.11.2018 12:33;Geplant;24;10
2;19.05.2020 12:43;Geplant;37;42
3;26.03.2019 11:32;Verloren;9;29
4;24.08.2018 17:07;Gewonnen;12;5
5;13.07.2017 02:42;Gewonnen;18;29
6;11.01.2019 03:59;Geplant;5;27
7;15.11.2019 10:40;Verloren;25;41
8;07.08.2021 02:55;Verloren;33;32
9;09.09.2019 23:58;Geplant;47;19
10;05.10.2018 09:36;Geplant;45;50
11;18.09.2019 04:22;Gewonnen;11;6
12;12.10.2019 17:34;Gewonnen;33;39
13;14.07.2017 09:34;Verloren;24;27
14;22.10.2020 23:55;Geplant;20;39
15;19.11.2020 03:18;Verloren;35;32
16;24.03.2020 12:43;Verloren;40;44
17;17.11.2021 19:51;Verloren;10;49
18;24.06.2019 21:14;Verloren;22;27
19;21.04.2020 06:47;Geplant;43;46
20;09.11.2019 17:41;Verloren;10;32
21;01.01.2019 01:21;Gewonnen;8;32
22;08.07.2018 16:15;Geplant;46;11
23;11.10.2019 03:12;Verloren;10;32
24;17.07.2020 18:26;Verloren;15;29
25;04.04.2019 09:07;Verloren;4;18
26;06.05.2019 10:00;Verloren;11;40
27;16.07.2017 06:34;Gewonnen;32;27
28;04.07.2019 17:47;Geplant;50;43
29;10.10.2017 08:24;Verloren;46;21
30;25.03.2018 09:07;Geplant;37;3
31;20.07.2019 19:46;Gewonnen;36;10
32;22.12.2017 23:57;Verloren;18;37
33;23.06.2021 08:54;Verloren;43;12
34;24.05.2018 02:19;Gewonnen;50;36
35;25.05.2020 04:09;Geplant;2;27
36;23.11.2021 01:34;Verloren;18;19
37;29.08.2018 15:38;Geplant;4;41
38;17.03.2018 08:34;Verloren;5;30
39;23.02.2019 09:52;Geplant;12;48
40;08.03.2021 21:55;Gewonnen;28;13
41;19.08.2019 07:59;Gewonnen;1;47
42;17.07.2021 00:28;Geplant;45;50
43;27.09.2021 16:27;Gewonnen;16;44
44;14.10.2017 12:52;Geplant;10;42
45;03.10.2021 19:25;Verloren;15;10
46;28.11.2020 22:20;Gewonnen;36;10
47;05.09.2019 23:41;Verloren;2;42
48;02.04.2021 15:16;Gewonnen;48;16
49;31.01.2019 17:27;Geplant;16;32
50;26.04.2018 07:42;Verloren;22;17
51;12.05.2017 07:31;Gewonnen;29;32
52;22.11.2017 12:11;Geplant;50;45
53;13.09.2018 00:00;Gewonnen;11;24
54;28.04.2018 04:31;Verloren;22;18
55;03.07.2018 08:33;Verloren;21;32
56;08.07.2021 08:02;Geplant;8;25
57;14.04.2019 18:04;Verloren;1;32
58;26.10.2019 03:18;Verloren;42;14
59;27.05.2018 08:04;Gewonnen;13;41
60;28.10.2020 23:14;Geplant;36;31
61;08.06.2019 00:55;Gewonnen;35;49
62;03.10.2021 22:03;Gewonnen;37;48
63;04.07.2018 14:45;Verloren;22;35
64;14.05.2020 22:08;Verloren;23;37
65;11.02.2021 21:17;Gewonnen;4;10
66;29.06.2018 08:50;Geplant;10;1
67;14.10.2020 06:26;Verloren;48;2
68;08.03.2019 00:14;Gewonnen;47;40
69;05.06.2018 16:20;Verloren;2;21
70;15.02.2019 18:45;Gewonnen;50;48
71;22.09.2020 14:28;Gewonnen;8;32
72;06.10.2018 08:36;Gewonnen;36;28
73;31.07.2020 05:27;Gewonnen;13;30
74;04.03.2019 07:21;Verloren;45;50
75;26.03.2019 02:10;Gewonnen;3;44
76;04.01.2021 04:51;Geplant;12;10
77;16.09.2020 09:36;Verloren;27;36
78;03.11.2017 16:47;Gewonnen;19;45
79;26.03.2019 08:15;Gewonnen;3;5
80;21.01.2021 08:26;Gewonnen;17;23
81;10.07.2019 03:46;Gewonnen;32;32
82;18.08.2021 22:54;Geplant;50;40
83;13.06.2018 07:52;Verloren;24;19
84;23.11.2017 20:13;Verloren;45;22
85;24.12.2020 11:02;Geplant;3;10
86;01.11.2018 15:55;Geplant;21;25
87;24.10.2018 13:58;Verloren;42;28
88;03.01.2018 00:38;Verloren;20;37
89;13.06.2017 11:21;Gewonnen;23;11
90;07.02.2021 10:46;Geplant;21;43
91;17.06.2018 04:23;Gewonnen;24;16
92;10.10.2019 02:37;Verloren;34;40
93;19.12.2017 05:54;Geplant;33;43
94;14.09.2018 04:44;Geplant;9;12
95;12.07.2017 16:11;Gewonnen;5;27
96;16.10.2020 19:53;Geplant;20;6
97;27.09.2021 17:30;Gewonnen;18;31
98;09.08.2021 13:23;Verloren;25;35
99;14.11.2018 18:56;Gewonnen;50;23
100;07.03.2018 19:23;Geplant;35;29
101;29.08.2019 01:20;Verloren;8;43
102;31.08.2018 00:40;Gewonnen;43;38
103;19.08.2018 06:50;Gewonnen;31;44
104;10.08.2017 18:05;Gewonnen;2;26
105;22.11.2021 03:04;Geplant;2;4
106;17.10.2021 09:38;Gewonnen;47;32
107;28.08.2018 15:19;Verloren;24;37
108;20.04.2019 00:16;Verloren;41;35
109;27.06.2019 11:33;Gewonnen;13;38
110;18.06.2020 08:41;Gewonnen;16;34
111;24.11.2018 10:14;Geplant;24;20
112;11.02.2020 06:03;Gewonnen;5;32
113;26.10.2019 05:20;Geplant;27;41
114;19.09.2019 09:11;Verloren;23;16
115;26.10.2021 05:58;Gewonnen;48;35
116;09.07.2017 18:11;Gewonnen;8;17
117;29.12.2018 19:54;Gewonnen;17;12
118;19.12.2018 10:13;Gewonnen;24;12
119;27.02.2019 08:12;Verloren;18;14
120;21.05.2020 22:07;Gewonnen;8;33
121;17.12.2018 06:53;Verloren;29;46
122;07.08.2019 03:51;Geplant;9;44
123;26.04.2021 15:34;Gewonnen;14;35
124;10.09.2018 01:19;Verloren;3;7
125;15.08.2020 23:35;Verloren;43;13
126;20.09.2020 14:43;Gewonnen;18;18
127;12.08.2021 03:38;Verloren;8;38
128;22.02.2021 22:29;Gewonnen;8;6
129;25.04.2018 15:04;Geplant;14;37
130;23.08.2017 09:34;Verloren;27;12
131;30.06.2017 20:48;Verloren;28;25
132;29.11.2020 21:42;Verloren;4;8
133;20.09.2021 19:43;Geplant;38;26
134;29.07.2021 08:15;Geplant;20;39
135;13.12.2017 07:04;Geplant;27;44
136;05.11.2018 18:14;Geplant;13;16
137;10.01.2018 01:57;Geplant;25;4
138;28.12.2018 02:43;Verloren;12;19
139;03.08.2020 03:32;Gewonnen;13;35
140;13.05.2017 18:32;Geplant;34;27
141;20.02.2020 02:37;Gewonnen;9;13
142;04.07.2021 22:34;Geplant;32;26
143;20.07.2020 13:13;Verloren;45;37
144;17.11.2017 17:30;Gewonnen;48;7
145;08.01.2020 14:59;Verloren;28;15
146;19.06.2018 21:46;Gewonnen;13;2
147;14.12.2020 19:39;Gewonnen;18;15
148;24.08.2020 21:38;Gewonnen;4;48
149;21.08.2020 14:44;Geplant;10;17
150;18.01.2018 16:53;Verloren;28;40
151;08.09.2020 18:39;Gewonnen;35;18
152;24.12.2017 20:06;Gewonnen;32;35
153;03.06.2019 01:57;Geplant;39;37
154;14.12.2017 06:57;Verloren;23;6
155;28.05.2021 23:36;Verloren;33;1
156;02.02.2020 14:35;Verloren;20;30
157;27.11.2018 20:53;Geplant;35;28
158;09.02.2019 15:21;Geplant;36;40
159;06.12.2020 19:23;Verloren;6;47
160;15.11.2018 07:47;Geplant;47;30
161;04.12.2019 23:28;Gewonnen;46;8
162;24.07.2020 13:44;Geplant;7;4
163;25.12.2020 03:46;Geplant;20;39
164;13.09.2019 14:29;Geplant;49;32
165;11.12.2019 16:34;Verloren;23;22
166;28.08.2020 02:22;Verloren;15;10
167;26.06.2020 16:07;Verloren;32;19
168;28.03.2021 13:44;Gewonnen;13;2
169;22.11.2021 08:48;Verloren;33;18
170;03.02.2021 06:31;Verloren;13;5
171;06.12.2020 08:08;Geplant;34;30
172;25.04.2019 14:56;Verloren;42;27
173;10.06.2018 21:14;Verloren;5;13
174;14.07.2017 07:58;Verloren;39;28
175;21.12.2019 19:18;Gewonnen;22;16
176;19.06.2021 23:30;Geplant;24;3
177;22.06.2017 20:19;Geplant;42;17
178;23.01.2019 23:15;Verloren;19;46
179;31.07.2017 22:44;Verloren;11;15
180;24.05.2021 19:26;Geplant;45;45
181;23.07.2019 21:34;Geplant;49;23
182;12.08.2017 06:03;Geplant;11;39
183;17.08.2021 19:26;Geplant;29;8
184;15.12.2017 20:48;Gewonnen;18;23
185;15.07.2021 09:20;Verloren;35;27
186;18.07.2017 06:56;Verloren;19;48
187;06.12.2019 11:07;Geplant;50;1
188;12.01.2021 18:59;Verloren;36;26
189;22.09.2019 09:07;Verloren;49;1
190;14.01.2020 22:13;Geplant;11;50
191;20.05.2018 01:21;Gewonnen;11;47
192;09.08.2021 19:43;Verloren;7;3
193;11.04.2018 19:37;Geplant;35;5
194;22.09.2018 06:41;Geplant;8;50
195;15.08.2018 01:48;Geplant;20;43
196;13.11.2020 15:43;Gewonnen;41;3
197;26.09.2019 13:10;Gewonnen;47;41
198;29.01.2019 06:27;Verloren;48;15
199;20.04.2018 21:15;Verloren;1;41
200;31.01.2020 23:07;Gewonnen;35;30
201;25.03.2018 00:23;Gewonnen;28;25
202;29.08.2017 18:26;Geplant;23;17
203;04.07.2021 18:00;Verloren;31;5
204;29.12.2018 12:14;Verloren;38;19
205;15.08.2020 21:51;Verloren;7;44
206;03.03.2020 16:38;Geplant;24;4
207;23.12.2017 06:03;Gewonnen;14;21
208;23.04.2018 22:59;Verloren;9;12
209;17.04.2018 04:34;Verloren;43;33
210;06.02.2020 09:22;Gewonnen;17;39
211;10.03.2021 16:11;Verloren;28;29
212;29.01.2018 17:02;Geplant;40;21
213;24.05.2019 23:35;Gewonnen;11;27
214;04.07.2019 16:06;Verloren;40;26
215;08.06.2018 16:19;Verloren;28;37
216;26.05.2019 15:03;Geplant;35;20
217;27.05.2020 19:05;Geplant;43;37
218;02.05.2020 00:06;Verloren;20;50
219;21.09.2021 07:53;Geplant;8;16
220;08.06.2019 01:13;Geplant;33;11
221;06.09.2019 23:36;Geplant;33;7
222;15.06.2020 01:48;Gewonnen;8;32
223;17.08.2020 01:31;Geplant;7;14
224;28.07.2018 00:49;Gewonnen;24;24
225;14.11.2017 15:38;Verloren;44;22
226;18.10.2021 04:24;Verloren;38;32
227;28.11.2017 06:21;Verloren;27;10
228;23.08.2017 13:50;Gewonnen;46;28
229;10.08.2017 14:02;Geplant;40;5
230;22.10.2019 03:36;Verloren;35;21
231;23.07.2018 11:34;Geplant;14;1
232;22.06.2020 16:29;Gewonnen;42;31
233;20.11.2017 15:52;Verloren;5;13
234;06.04.2020 19:10;Geplant;32;37
235;27.08.2019 21:02;Gewonnen;12;15
236;23.10.2017 10:26;Geplant;16;12
237;01.12.2020 06:58;Geplant;47;14
238;15.07.2021 01:56;Verloren;50;31
239;17.04.2020 10:59;Geplant;28;7
240;11.09.2018 00:00;Geplant;1;14
241;29.11.2019 09:03;Geplant;1;22
242;12.10.2017 20:45;Geplant;20;33
243;05.08.2021 19:35;Verloren;5;46
244;26.04.2018 20:18;Gewonnen;18;38
245;09.08.2017 13:31;Geplant;4;42
246;20.06.2021 20:06;Geplant;37;23
247;16.05.2020 07:59;Gewonnen;38;20
248;16.03.2018 00:01;Gewonnen;15;29
249;04.01.2018 21:20;Gewonnen;28;47
250;04.11.2020 13:11;Geplant;2;7
251;22.11.2019 12:25;Verloren;31;25
252;23.01.2018 10:24;Geplant;40;3
253;28.10.2017 10:46;Geplant;2;36
254;27.03.2018 07:03;Verloren;2;1
255;07.12.2020 04:25;Gewonnen;24;42
256;28.11.2017 03:22;Gewonnen;17;26
257;17.07.2020 18:31;Gewonnen;1;45
258;27.04.2021 14:09;Verloren;31;36
259;23.05.2017 20:07;Gewonnen;7;32
260;20.11.2020 19:57;Geplant;19;16
261;11.12.2020 11:26;Gewonnen;30;45
262;13.04.2019 12:55;Gewonnen;3;33
263;03.12.2017 14:54;Gewonnen;4;36
264;24.07.2017 04:08;Gewonnen;24;50
265;14.10.2021 14:32;Gewonnen;32;14
266;05.09.2021 15:55;Gewonnen;2;13
267;16.11.2017 21:42;Gewonnen;24;9
268;13.06.2018 10:07;Gewonnen;38;24
269;01.08.2017 08:23;Gewonnen;10;24
270;08.04.2021 04:45;Verloren;23;37
271;03.11.2019 00:51;Verloren;6;19
272;03.04.2019 06:43;Geplant;32;44
273;03.08.2018 00:36;Verloren;32;41
274;13.03.2019 15:07;Verloren;12;36
275;12.10.2020 22:47;Geplant;3;17
276;10.04.2020 08:29;Verloren;39;49
277;01.04.2021 03:40;Verloren;14;10
278;03.01.2019 00:45;Geplant;40;39
279;17.08.2019 22:51;Geplant;8;43
280;17.08.2020 04:25;Geplant;22;11
281;16.01.2019 20:36;Gewonnen;3;30
282;26.09.2018 14:30;Verloren;22;3
283;25.12.2019 23:58;Gewonnen;39;45
284;24.01.2021 05:18;Geplant;9;29
285;05.09.2019 03:32;Geplant;45;19
286;08.10.2021 23:07;Verloren;45;35
287;25.11.2020 03:40;Verloren;9;39
288;08.10.2019 12:31;Gewonnen;29;32
289;09.09.2020 18:29;Verloren;34;42
290;10.05.2020 20:35;Verloren;49;20
291;03.03.2019 10:44;Gewonnen;45;16
292;30.09.2018 21:12;Geplant;41;41
293;25.08.2019 15:09;Verloren;10;48
294;10.06.2019 13:15;Gewonnen;20;12
295;10.11.2020 06:34;Gewonnen;14;25
296;10.09.2020 12:29;Verloren;30;1
297;26.03.2021 01:05;Verloren;30;25
298;03.09.2021 13:37;Geplant;23;7
299;08.03.2021 18:18;Verloren;47;15
300;30.01.2021 15:07;Gewonnen;38;47
301;15.08.2019 14:15;Verloren;4;32
302;20.02.2019 23:13;Gewonnen;44;45
303;03.03.2019 23:52;Verloren;16;13
304;01.10.2019 01:57;Gewonnen;49;10
305;30.09.2019 16:11;Geplant;39;38
306;08.08.2019 14:16;Verloren;5;1
307;22.04.2021 05:29;Geplant;27;33
308;14.07.2017 12:52;Gewonnen;44;28
309;17.02.2021 02:27;Geplant;17;34
310;04.02.2021 20:57;Geplant;20;17
311;10.06.2017 16:46;Verloren;44;45
312;10.05.2020 15:48;Geplant;14;37
313;08.09.2021 09:10;Verloren;1;8
314;27.05.2021 04:43;Gewonnen;13;5
315;16.06.2021 12:30;Verloren;1;4
316;01.04.2021 03:06;Geplant;44;1
317;02.09.2019 15:09;Gewonnen;44;8
318;01.02.2020 05:31;Verloren;24;38
319;03.01.2020 02:18;Geplant;5;3
320;24.08.2020 22:38;Geplant;12;39
321;22.08.2021 10:06;Gewonnen;9;3
322;16.09.2021 02:58;Verloren;13;13
323;26.09.2017 20:55;Verloren;13;49
324;15.09.2017 21:52;Geplant;24;18
325;25.06.2019 16:12;Geplant;15;29
326;18.10.2019 15:40;Verloren;49;32
327;05.08.2020 06:52;Verloren;3;12
328;21.11.2021 11:15;Geplant;2;36
329;04.04.2021 17:21;Verloren;12;24
330;05.06.2018 10:09;Geplant;33;27
331;22.04.2019 20:04;Verloren;47;20
332;08.01.2019 06:10;Geplant;44;33
333;11.12.2020 23:07;Verloren;32;34
334;25.08.2017 02:21;Verloren;3;39
335;05.11.2019 14:57;Gewonnen;24;26
336;12.07.2021 23:30;Verloren;48;1
337;14.06.2017 21:01;Geplant;16;3
338;30.01.2018 15:24;Gewonnen;37;48
339;02.07.2019 14:58;Gewonnen;10;1
340;23.03.2020 06:15;Gewonnen;40;48
341;17.09.2017 00:43;Gewonnen;2;3
342;04.04.2019 14:19;Geplant;46;29
343;03.07.2017 03:25;Gewonnen;16;24
344;16.09.2018 23:56;Verloren;25;7
345;19.11.2017 15:18;Verloren;39;4
346;14.03.2021 12:21;Gewonnen;2;19
347;11.07.2019 17:51;Gewonnen;20;13
348;06.06.2020 14:47;Gewonnen;12;43
349;23.12.2019 19:13;Geplant;31;7
350;04.10.2018 04:02;Verloren;3;3
351;17.09.2019 20:45;Gewonnen;20;10
352;03.03.2020 21:55;Geplant;48;3
353;11.08.2020 22:18;Gewonnen;38;41
354;18.07.2019 19:20;Geplant;30;20
355;08.06.2018 01:28;Gewonnen;31;44
356;12.02.2018 05:58;Verloren;43;46
357;15.10.2020 11:59;Geplant;22;9
358;18.07.2021 09:22;Gewonnen;3;7
359;07.08.2020 13:59;Verloren;40;23
360;26.04.2018 12:54;Geplant;49;29
361;06.01.2018 20:44;Gewonnen;17;33
362;26.07.2017 06:05;Geplant;49;13
363;22.02.2021 04:21;Geplant;21;36
364;16.12.2020 18:48;Gewonnen;15;24
365;28.10.2018 19:41;Geplant;29;49
366;25.11.2018 03:41;Verloren;12;41
367;16.09.2018 21:16;Gewonnen;49;46
368;11.04.2020 23:54;Gewonnen;41;25
369;07.10.2017 01:16;Verloren;12;18
370;06.02.2018 12:29;Verloren;45;24
371;18.01.2021 22:15;Gewonnen;44;49
372;21.08.2020 22:22;Verloren;46;26
373;10.11.2018 17:38;Gewonnen;40;1
374;26.12.2020 23:16;Gewonnen;21;12
375;19.12.2020 22:27;Gewonnen;43;43
376;30.08.2019 21:41;Geplant;27;16
377;29.07.2020 16:51;Gewonnen;50;31
378;18.05.2019 23:56;Geplant;45;16
379;02.05.2018 14:56;Gewonnen;16;41
380;09.08.2019 16:58;Geplant;27;21
381;11.06.2019 21:15;Gewonnen;37;47
382;08.06.2019 12:49;Geplant;33;47
383;01.06.2019 11:56;Geplant;3;30
384;05.08.2021 09:15;Geplant;5;4
385;25.01.2020 16:18;Gewonnen;28;7
386;03.06.2021 22:00;Gewonnen;38;48
387;05.09.2017 01:00;Verloren;10;4
388;25.05.2018 02:56;Gewonnen;27;17
389;20.06.2017 14:36;Geplant;2;15
390;22.05.2018 09:51;Verloren;30;20
391;30.12.2019 17:24;Geplant;36;45
392;11.08.2019 17:57;Geplant;7;19
393;28.01.2020 11:13;Verloren;13;26
394;13.07.2017 07:25;Verloren;17;37
395;07.09.2021 19:08;Verloren;8;41
396;21.11.2021 11:01;Geplant;37;4
397;23.06.2021 14:45;Geplant;17;30
398;20.06.2021 07:18;Gewonnen;6;11
399;24.01.2020 06:44;Geplant;12;27
400;02.07.2017 09:23;Gewonnen;16;38
401;06.05.2018 08:17;Verloren;9;18
402;25.06.2021 09:56;Geplant;46;1
403;29.01.2020 04:05;Geplant;10;22
404;20.01.2018 05:29;Verloren;14;49
405;01.09.2017 12:56;Gewonnen;45;30
406;26.12.2017 08:14;Geplant;1;41
407;14.12.2020 21:48;Gewonnen;40;49
408;16.03.2021 11:56;Geplant;1;12
409;11.06.2020 09:49;Verloren;14;37
410;19.05.2018 23:36;Verloren;31;21
411;22.06.2019 18:52;Verloren;12;50
412;11.07.2018 12:58;Gewonnen;21;6
413;23.07.2020 10:40;Gewonnen;3;46
414;24.02.2019 07:00;Gewonnen;4;35
415;05.06.2020 05:28;Geplant;20;25
416;12.09.2021 07:00;Gewonnen;4;41
417;03.10.2017 04:54;Geplant;21;47
418;29.08.2018 04:21;Gewonnen;49;27
419;27.10.2020 12:24;Verloren;48;27
420;02.03.2018 16:16;Verloren;48;15
421;17.12.2020 12:19;Geplant;17;32
422;24.05.2020 04:07;Geplant;11;14
423;06.12.2019 08:53;Gewonnen;6;28
424;14.06.2018 00:35;Verloren;21;9
425;26.01.2020 17:44;Verloren;16;7
426;30.07.2017 23:13;Geplant;16;44
427;16.09.2018 01:03;Gewonnen;10;11
428;23.12.2020 00:13;Verloren;3;14
429;12.01.2019 18:16;Gewonnen;46;20
430;07.06.2020 23:09;Geplant;34;30
431;02.03.2019 11:40;Verloren;24;24
432;30.08.2019 14:07;Gewonnen;21;43
433;10.08.2018 11:38;Verloren;11;39
434;23.01.2019 05:11;Verloren;11;31
435;24.05.2018 13:54;Verloren;3;8
436;24.02.2018 18:15;Verloren;27;13
437;13.01.2018 18:30;Gewonnen;2;20
438;15.03.2018 07:40;Geplant;32;27
439;07.05.2020 22:26;Gewonnen;12;48
440;23.03.2021 05:22;Geplant;14;28
441;22.10.2018 05:09;Geplant;6;14
442;08.11.2018 10:40;Verloren;44;6
443;23.09.2020 15:39;Geplant;30;36
444;28.11.2020 14:34;Geplant;49;4
445;02.07.2017 16:31;Verloren;41;20
446;23.04.2021 08:31;Gewonnen;29;43
447;26.04.2020 09:27;Geplant;33;12
448;28.08.2018 23:04;Gewonnen;3;15
449;21.04.2018 13:50;Geplant;13;50
450;05.10.2021 02:45;Geplant;8;42
451;14.11.2019 15:12;Verloren;2;14
452;25.02.2020 22:23;Geplant;28;19
453;18.09.2019 04:51;Geplant;38;8
454;15.05.2017 06:37;Verloren;8;17
455;29.10.2017 17:25;Verloren;23;34
456;30.03.2019 23:09;Gewonnen;20;31
457;06.05.2019 11:07;Gewonnen;1;46
458;04.10.2018 14:29;Geplant;47;9
459;07.12.2019 14:53;Geplant;30;13
460;29.12.2017 13:58;Gewonnen;14;1
461;17.08.2017 07:50;Verloren;41;18
462;30.07.2018 08:13;Gewonnen;25;42
463;14.01.2020 15:25;Verloren;50;45
464;23.06.2017 13:49;Gewonnen;27;40
465;22.06.2019 20:12;Gewonnen;18;40
466;09.06.2019 03:03;Verloren;2;21
467;14.06.2020 12:43;Geplant;50;9
468;09.05.2017 02:08;Verloren;40;49
469;14.09.2017 14:23;Geplant;16;14
470;21.01.2018 14:02;Verloren;25;42
471;22.04.2021 10:38;Verloren;31;19
472;14.10.2017 11:01;Gewonnen;22;12
473;10.06.2021 11:16;Geplant;31;6
474;08.02.2018 15:11;Geplant;19;7
475;01.02.2018 00:39;Verloren;50;8
476;05.09.2020 15:27;Geplant;45;5
477;21.12.2017 12:01;Verloren;42;2
478;05.06.2021 06:12;Verloren;40;32
479;30.08.2021 04:29;Verloren;15;41
480;27.08.2020 19:57;Gewonnen;41;44
481;27.05.2017 15:59;Geplant;17;45
482;03.03.2020 15:09;Gewonnen;19;2
483;30.07.2017 14:05;Gewonnen;50;41
484;17.11.2020 15:38;Geplant;21;6
485;05.01.2018 04:43;Geplant;34;25
486;26.02.2020 05:02;Gewonnen;32;46
487;01.04.2020 12:35;Geplant;31;15
488;19.06.2017 09:05;Gewonnen;33;14
489;21.06.2020 21:36;Geplant;33;5
490;04.03.2019 10:38;Gewonnen;18;19
491;23.07.2019 16:26;Geplant;28;10
492;01.09.2017 23:27;Gewonnen;48;1
493;01.08.2019 09:40;Geplant;10;16
494;18.11.2017 21:29;Gewonnen;28;28
495;11.03.2020 01:31;Geplant;6;42
496;05.03.2021 13:20;Verloren;24;45
497;21.04.2019 15:36;Gewonnen;7;45
498;31.07.2017 20:37;Verloren;48;4
499;26.04.2021 00:54;Verloren;45;18
500;06.05.2021 15:59;Verloren;39;23
501;18.02.2021 14:09;Gewonnen;19;16
502;01.11.2019 17:34;Gewonnen;36;32
503;25.08.2019 12:40;Geplant;25;48
504;24.08.2017 18:06;Verloren;43;43
505;08.05.2020 19:48;Verloren;46;45
506;03.05.2018 14:39;Gewonnen;31;31
507;22.02.2021 14:39;Verloren;24;50
508;12.05.2017 05:26;Gewonnen;17;30
509;09.08.2020 05:45;Gewonnen;13;5
510;26.04.2021 12:34;Verloren;50;9
511;26.12.2020 11:29;Verloren;41;13
512;17.10.2019 18:48;Geplant;41;32
513;16.01.2019 23:18;Gewonnen;45;30
514;13.03.2019 18:38;Gewonnen;35;3
515;11.12.2020 23:31;Geplant;19;35
516;07.12.2019 03:59;Geplant;32;3
517;17.05.2021 20:52;Geplant;21;6
518;11.09.2021 13:14;Gewonnen;14;45
519;31.01.2019 02:42;Gewonnen;42;16
520;08.05.2018 23:49;Gewonnen;24;32
521;10.10.2019 09:28;Geplant;13;19
522;10.11.2020 17:50;Gewonnen;45;22
523;06.10.2018 03:44;Geplant;13;21
524;16.09.2019 14:57;Gewonnen;18;13
525;26.07.2019 20:53;Geplant;23;48
526;06.08.2017 01:08;Geplant;8;12
527;10.10.2018 20:23;Geplant;10;15
528;04.08.2018 18:29;Verloren;8;9
529;12.06.2019 03:28;Verloren;19;9
530;01.06.2018 06:22;Gewonnen;31;38
531;29.10.2021 09:52;Verloren;23;43
532;09.08.2020 21:18;Gewonnen;21;4
533;27.09.2021 11:36;Gewonnen;42;50
534;01.07.2020 15:41;Geplant;30;50
535;24.03.2018 09:48;Gewonnen;23;39
536;03.05.2021 04:38;Geplant;38;5
537;23.08.2019 09:22;Geplant;24;15
538;15.02.2021 15:22;Gewonnen;4;5
539;15.03.2021 17:14;Gewonnen;23;6
540;09.08.2018 16:50;Gewonnen;34;8
541;25.05.2018 02:26;Verloren;38;11
542;29.01.2018 06:11;Verloren;50;42
543;28.03.2020 05:27;Verloren;50;6
544;26.04.2021 04:13;Verloren;25;26
545;03.12.2019 23:38;Gewonnen;12;10
546;19.03.2018 14:49;Gewonnen;4;49
547;13.07.2017 22:41;Verloren;24;7
548;04.02.2019 22:54;Geplant;19;38
549;22.03.2018 02:02;Gewonnen;29;21
550;27.01.2019 02:30;Gewonnen;8;24
551;10.11.2018 18:17;Gewonnen;35;18
552;13.09.2017 18:33;Geplant;42;44
553;10.02.2019 19:43;Geplant;3;42
554;01.01.2019 20:24;Verloren;22;40
555;06.11.2020 22:31;Geplant;36;38
556;16.10.2017 22:06;Verloren;15;24
557;05.04.2019 05:24;Verloren;14;29
558;01.05.2020 23:42;Verloren;34;15
559;07.09.2019 16:12;Verloren;33;50
560;30.09.2018 10:12;Geplant;24;44
561;30.09.2020 03:32;Gewonnen;41;21
562;13.06.2021 16:13;Gewonnen;9;15
563;18.12.2020 04:44;Verloren;47;37
564;20.08.2020 14:14;Gewonnen;14;44
565;16.11.2017 15:27;Geplant;26;20
566;09.09.2021 09:37;Verloren;20;45
567;06.09.2021 03:23;Verloren;24;44
568;23.07.2019 16:59;Gewonnen;39;14
569;14.07.2021 19:34;Verloren;31;35
570;09.09.2018 17:15;Gewonnen;28;45
571;18.06.2018 07:49;Verloren;14;11
572;05.02.2021 02:33;Geplant;38;5
573;30.04.2020 08:09;Gewonnen;6;36
574;09.07.2017 09:04;Geplant;7;20
575;10.03.2020 13:04;Gewonnen;36;22
576;12.04.2020 10:47;Geplant;45;24
577;15.06.2019 21:39;Verloren;12;32
578;25.12.2020 06:27;Geplant;26;7
579;23.05.2019 05:43;Geplant;36;8
580;08.03.2021 04:52;Geplant;15;29
581;13.05.2017 05:28;Gewonnen;43;20
582;12.02.2019 07:50;Geplant;21;32
583;28.09.2019 11:38;Verloren;5;34
584;05.11.2021 23:34;Verloren;24;37
585;25.10.2018 08:09;Gewonnen;22;27
586;01.05.2019 20:36;Geplant;18;12
587;03.01.2018 01:29;Verloren;8;13
588;27.10.2019 02:26;Verloren;40;16
589;22.07.2020 19:06;Verloren;21;23
590;17.03.2018 00:52;Gewonnen;20;14
591;18.12.2019 10:20;Geplant;43;37
592;11.04.2018 15:26;Verloren;48;33
593;01.04.2018 08:10;Geplant;24;18
594;13.11.2021 19:10;Verloren;15;22
595;06.08.2017 02:02;Geplant;10;20
596;04.10.2020 19:52;Geplant;31;8
597;21.01.2021 01:48;Verloren;13;1
598;03.03.2020 07:40;Verloren;1;25
599;22.08.2019 01:03;Verloren;3;36
600;28.09.2020 11:49;Gewonnen;35;13
601;07.05.2019 13:35;Geplant;22;25
602;09.04.2021 00:01;Geplant;9;3
603;11.09.2017 22:27;Gewonnen;38;36
604;26.03.2020 02:21;Gewonnen;7;17
605;05.05.2018 04:43;Geplant;1;14
606;25.07.2021 13:54;Geplant;24;17
607;13.09.2021 10:12;Verloren;6;12
608;28.02.2018 05:31;Geplant;38;7
609;13.06.2018 10:03;Verloren;39;6
610;23.09.2018 07:52;Verloren;25;9
611;03.11.2020 21:51;Gewonnen;4;23
612;31.07.2021 10:47;Verloren;17;42
613;01.11.2019 14:04;Geplant;47;37
614;17.03.2018 00:32;Verloren;35;22
615;02.08.2018 09:31;Gewonnen;23;20
616;31.03.2018 13:42;Gewonnen;49;20
617;15.07.2018 05:01;Geplant;41;47
618;02.09.2021 23:16;Gewonnen;14;39
619;22.03.2020 19:34;Gewonnen;18;8
620;11.03.2018 06:46;Gewonnen;24;43
621;27.08.2019 19:19;Gewonnen;33;19
622;17.05.2020 14:58;Verloren;16;34
623;14.02.2019 15:52;Geplant;27;25
624;25.10.2017 22:22;Verloren;39;30
625;10.11.2020 13:38;Geplant;40;46
626;05.11.2017 06:50;Geplant;37;17
627;16.08.2017 14:36;Geplant;41;7
628;30.06.2018 07:09;Gewonnen;26;23
629;15.09.2020 07:40;Verloren;13;28
630;20.06.2017 15:50;Gewonnen;15;6
631;20.06.2018 07:38;Geplant;39;2
632;09.03.2021 17:08;Gewonnen;15;24
633;04.07.2019 20:57;Geplant;14;17
634;26.07.2021 14:31;Verloren;43;7
635;30.05.2020 21:28;Gewonnen;4;2
636;21.10.2019 11:13;Gewonnen;44;38
637;08.01.2019 15:22;Verloren;32;24
638;07.12.2018 10:03;Verloren;22;44
639;02.11.2019 21:51;Verloren;35;6
640;11.05.2017 18:45;Verloren;37;11
641;02.09.2020 04:53;Verloren;20;3
642;23.03.2018 11:20;Verloren;6;16
643;14.03.2021 06:02;Geplant;16;35
644;12.09.2017 23:59;Verloren;27;32
645;12.03.2020 10:19;Geplant;14;10
646;01.01.2019 04:03;Verloren;7;4
647;25.10.2019 09:41;Gewonnen;32;25
648;15.07.2019 07:55;Geplant;27;4
649;10.02.2020 21:46;Gewonnen;39;36
650;03.07.2021 19:44;Gewonnen;20;38
651;22.08.2019 13:53;Verloren;29;20
652;18.08.2018 09:46;Gewonnen;40;16
653;30.09.2021 18:43;Verloren;19;46
654;10.02.2021 12:43;Verloren;26;38
655;22.07.2018 01:28;Geplant;3;47
656;22.12.2018 05:32;Verloren;14;19
657;11.05.2019 08:42;Geplant;15;27
658;14.04.2020 15:19;Verloren;37;7
659;20.06.2018 13:15;Geplant;2;35
660;13.05.2017 03:54;Gewonnen;32;1
661;07.05.2019 09:31;Verloren;9;30
662;17.07.2017 03:49;Geplant;23;33
663;03.04.2019 10:10;Gewonnen;44;16
664;27.12.2019 01:21;Geplant;37;45
665;14.06.2019 17:29;Gewonnen;24;16
666;14.05.2021 21:13;Gewonnen;31;13
667;10.11.2021 00:05;Geplant;4;1
668;05.06.2017 09:21;Verloren;26;8
669;12.04.2020 08:26;Geplant;40;24
670;28.05.2020 23:02;Geplant;39;44
671;04.07.2021 16:56;Gewonnen;28;27
672;21.03.2019 00:57;Verloren;22;17
673;27.10.2021 04:29;Geplant;40;43
674;03.01.2018 16:54;Gewonnen;45;6
675;05.06.2021 15:40;Verloren;50;36
676;15.07.2021 08:31;Gewonnen;29;1
677;11.12.2020 00:39;Gewonnen;38;3
678;17.10.2020 18:01;Gewonnen;39;46
679;24.01.2020 09:15;Geplant;46;47
680;24.02.2018 17:30;Verloren;29;14
681;08.05.2020 16:36;Gewonnen;3;39
682;19.11.2020 16:17;Gewonnen;50;11
683;02.01.2019 10:59;Geplant;16;14
684;22.05.2018 08:41;Geplant;1;27
685;03.09.2020 04:27;Gewonnen;50;6
686;19.11.2017 14:07;Verloren;39;10
687;05.04.2020 17:37;Verloren;25;9
688;07.02.2020 04:03;Verloren;26;6
689;26.10.2019 22:30;Geplant;38;6
690;14.07.2017 17:00;Gewonnen;32;16
691;23.09.2017 21:52;Verloren;23;36
692;04.10.2018 07:08;Gewonnen;41;24
693;23.05.2018 04:55;Geplant;30;13
694;26.04.2021 01:25;Gewonnen;47;6
695;15.09.2019 07:42;Gewonnen;30;13
696;03.05.2020 09:16;Geplant;29;3
697;17.12.2017 22:28;Geplant;16;42
698;17.10.2021 15:24;Geplant;24;45
699;02.12.2018 02:14;Geplant;43;1
700;23.05.2019 03:47;Verloren;42;23
701;23.07.2021 13:27;Geplant;7;36
702;22.11.2017 10:08;Verloren;11;39
703;18.02.2021 00:46;Geplant;37;16
704;10.06.2018 09:11;Gewonnen;15;20
705;20.10.2018 06:57;Geplant;14;20
706;15.03.2019 08:36;Verloren;24;5
707;29.06.2021 09:34;Gewonnen;30;11
708;22.02.2019 11:06;Verloren;22;13
709;18.07.2018 00:35;Geplant;46;32
710;24.01.2019 10:24;Gewonnen;27;34
711;26.08.2017 04:12;Gewonnen;16;4
712;10.02.2020 17:15;Verloren;39;47
713;12.07.2020 09:32;Geplant;2;7
714;23.06.2021 09:44;Verloren;43;41
715;07.04.2018 02:48;Gewonnen;11;10
716;25.10.2019 15:17;Verloren;23;23
717;26.07.2020 12:26;Verloren;15;7
718;21.10.2019 12:48;Gewonnen;38;42
719;23.08.2019 13:59;Verloren;5;41
720;11.05.2018 11:32;Geplant;2;4
721;18.01.2018 21:06;Verloren;22;47
722;04.01.2019 04:57;Gewonnen;7;34
723;09.08.2020 10:41;Gewonnen;23;34
724;14.08.2019 08:00;Geplant;40;26
725;19.02.2020 20:45;Verloren;21;26
726;18.08.2018 03:28;Verloren;28;42
727;19.02.2020 10:43;Verloren;37;4
728;03.10.2017 20:08;Gewonnen;35;31
729;21.11.2020 04:34;Verloren;47;34
730;24.06.2021 14:28;Geplant;32;39
731;13.07.2021 15:01;Gewonnen;22;3
732;29.07.2018 14:53;Gewonnen;41;45
733;21.12.2018 12:23;Geplant;19;20
734;10.12.2019 15:28;Gewonnen;49;24
735;17.03.2020 11:41;Gewonnen;14;6
736;25.10.2019 11:57;Geplant;1;6
737;23.11.2017 22:30;Geplant;10;22
738;04.08.2021 17:19;Geplant;2;11
739;15.04.2020 10:34;Verloren;21;23
740;25.11.2019 10:57;Geplant;2;5
741;21.07.2017 06:49;Gewonnen;16;17
742;06.10.2020 00:57;Gewonnen;33;31
743;14.09.2020 00:06;Gewonnen;38;49
744;27.10.2019 16:42;Gewonnen;36;17
745;29.09.2021 16:37;Gewonnen;34;48
746;16.08.2020 06:27;Gewonnen;1;10
747;06.07.2019 06:49;Verloren;24;26
748;14.11.2021 04:14;Verloren;47;40
749;18.04.2018 04:55;Gewonnen;15;43
750;15.02.2018 07:00;Gewonnen;10;3
751;08.03.2021 09:51;Verloren;13;7
752;05.01.2019 22:17;Gewonnen;47;1
753;13.07.2019 00:50;Verloren;50;27
754;01.12.2021 16:35;Geplant;35;18
755;14.04.2021 16:54;Verloren;48;26
756;01.02.2021 06:45;Gewonnen;21;50
757;15.02.2019 19:57;Gewonnen;37;41
758;26.11.2018 15:47;Gewonnen;49;31
759;23.10.2018 13:13;Gewonnen;49;4
760;01.05.2021 09:13;Verloren;27;32
761;21.07.2019 22:58;Gewonnen;34;15
762;03.11.2017 05:32;Verloren;17;19
763;05.06.2018 10:35;Gewonnen;43;38
764;20.06.2020 05:53;Verloren;31;23
765;28.12.2017 19:54;Verloren;50;26
766;05.09.2019 22:14;Verloren;20;27
767;25.12.2018 15:49;Gewonnen;47;3
768;13.12.2018 05:33;Gewonnen;33;48
769;01.08.2017 20:39;Verloren;49;3
770;04.11.2018 01:42;Verloren;33;14
771;08.06.2018 03:15;Gewonnen;40;50
772;07.08.2018 03:34;Verloren;13;20
773;09.09.2017 04:02;Gewonnen;42;6
774;11.09.2020 20:56;Gewonnen;16;10
775;27.04.2019 12:40;Gewonnen;46;35
776;02.06.2021 05:34;Verloren;42;28
777;10.11.2018 19:10;Verloren;26;13
778;12.10.2018 02:20;Verloren;13;49
779;19.08.2021 16:47;Verloren;28;30
780;11.08.2019 06:17;Geplant;34;13
781;24.02.2020 15:05;Verloren;26;50
782;09.03.2019 16:51;Verloren;24;34
783;28.08.2017 14:50;Verloren;46;22
784;09.05.2017 21:15;Verloren;36;6
785;04.06.2021 05:46;Geplant;12;8
786;26.09.2018 22:11;Gewonnen;26;40
787;22.04.2020 06:06;Verloren;23;30
788;07.03.2020 20:41;Verloren;46;36
789;06.12.2017 07:29;Verloren;12;3
790;08.05.2021 09:58;Verloren;16;11
791;27.03.2018 12:09;Geplant;37;34
792;22.05.2018 04:11;Gewonnen;12;35
793;11.01.2020 21:45;Geplant;37;37
794;28.08.2019 17:50;Geplant;44;37
795;17.07.2019 00:08;Geplant;50;15
796;03.04.2021 08:33;Verloren;26;48
797;07.03.2020 14:26;Gewonnen;26;43
798;09.10.2018 18:15;Geplant;4;45
799;16.02.2020 09:30;Geplant;18;21
800;06.10.2020 23:07;Verloren;22;25
801;09.08.2020 15:37;Verloren;16;16
802;31.12.2019 10:00;Geplant;44;33
803;17.04.2018 16:49;Gewonnen;8;3
804;23.08.2018 08:41;Geplant;10;50
805;04.07.2018 13:48;Geplant;44;42
806;14.02.2021 04:33;Geplant;47;38
807;01.11.2018 06:48;Gewonnen;34;23
808;17.08.2018 08:43;Geplant;39;37
809;07.04.2018 22:41;Gewonnen;49;17
810;24.07.2019 12:09;Gewonnen;36;38
811;02.07.2018 07:51;Gewonnen;29;16
812;16.11.2018 01:03;Gewonnen;22;14
813;17.03.2020 14:04;Gewonnen;21;8
814;22.04.2020 20:44;Gewonnen;40;2
815;02.02.2018 21:32;Gewonnen;39;33
816;06.03.2021 08:36;Gewonnen;15;9
817;12.12.2017 11:56;Gewonnen;48;27
818;14.11.2019 20:37;Geplant;15;28
819;26.09.2018 16:20;Gewonnen;13;18
820;18.01.2019 20:31;Gewonnen;24;49
821;10.09.2020 05:58;Gewonnen;47;6
822;08.05.2021 13:38;Geplant;16;49
823;28.02.2018 04:52;Verloren;38;17
824;01.05.2018 16:15;Verloren;45;10
825;20.01.2021 11:54;Geplant;44;50
826;01.12.2021 19:12;Verloren;8;46
827;29.01.2018 00:18;Geplant;26;35
828;07.01.2019 07:33;Verloren;42;38
829;14.05.2021 11:05;Geplant;23;19
830;24.06.2017 13:09;Gewonnen;46;20
831;03.12.2018 21:39;Verloren;10;21
832;27.07.2020 20:30;Verloren;34;37
833;28.12.2020 00:00;Gewonnen;13;14
834;04.01.2019 04:59;Gewonnen;37;28
835;07.02.2018 23:19;Geplant;13;45
836;24.11.2018 11:39;Gewonnen;14;22
837;07.09.2020 20:37;Geplant;44;29
838;31.10.2018 00:33;Verloren;10;12
839;14.06.2018 09:47;Geplant;9;4
840;13.08.2017 08:03;Geplant;22;26
841;10.08.2019 20:17;Geplant;22;20
842;19.07.2021 07:37;Verloren;22;24
843;09.03.2019 10:54;Gewonnen;7;3
844;28.05.2020 15:50;Verloren;17;35
845;31.10.2019 03:29;Verloren;20;45
846;14.02.2018 21:02;Gewonnen;1;6
847;16.12.2017 07:13;Gewonnen;38;21
848;07.01.2021 07:58;Verloren;27;23
849;12.01.2020 13:01;Geplant;13;37
850;06.12.2020 08:01;Geplant;35;9
851;09.06.2017 21:22;Verloren;37;6
852;17.12.2019 20:03;Verloren;29;4
853;20.10.2021 01:02;Geplant;23;30
854;27.12.2020 08:15;Geplant;10;27
855;07.01.2019 01:03;Gewonnen;30;26
856;03.09.2018 13:43;Verloren;31;44
857;15.10.2021 09:41;Verloren;42;46
858;30.05.2017 19:25;Geplant;11;23
859;24.07.2019 10:50;Verloren;36;25
860;21.10.2019 09:14;Verloren;41;31
861;08.11.2017 10:14;Gewonnen;38;6
862;20.08.2017 19:03;Gewonnen;17;6
863;06.10.2020 05:19;Geplant;17;28
864;17.09.2017 09:40;Geplant;42;18
865;13.01.2020 15:02;Verloren;34;7
866;22.10.2018 03:32;Geplant;16;45
867;27.01.2021 10:11;Geplant;24;18
868;28.08.2021 08:29;Geplant;12;27
869;21.09.2021 18:17;Verloren;35;21
870;16.04.2020 01:34;Geplant;37;1
871;16.09.2017 03:32;Geplant;22;22
872;24.12.2017 11:01;Geplant;11;31
873;08.01.2019 23:47;Verloren;41;28
874;12.02.2018 13:37;Verloren;40;10
875;12.06.2017 10:24;Geplant;5;22
876;02.08.2020 02:43;Geplant;36;49
877;22.10.2021 19:21;Verloren;35;39
878;28.10.2021 14:48;Geplant;28;49
879;13.02.2021 00:43;Geplant;49;7
880;14.08.2017 08:49;Verloren;3;32
881;08.01.2021 23:10;Geplant;46;11
882;30.09.2021 14:49;Gewonnen;16;42
883;10.09.2020 02:12;Gewonnen;24;17
884;16.11.2017 00:37;Gewonnen;50;11
885;16.07.2021 10:32;Verloren;30;25
886;16.05.2021 07:23;Gewonnen;30;38
887;13.09.2018 12:22;Verloren;18;8
888;16.08.2017 20:50;Verloren;37;6
889;27.07.2019 08:05;Verloren;38;18
890;27.03.2020 06:21;Verloren;25;1
891;28.10.2018 18:18;Verloren;43;37
892;16.09.2021 10:54;Geplant;26;50
893;10.06.2021 01:30;Verloren;44;40
894;20.03.2021 20:23;Verloren;16;44
895;20.06.2021 00:57;Verloren;4;6
896;10.08.2021 09:01;Verloren;4;41
897;03.07.2018 05:11;Gewonnen;16;20
898;23.10.2019 21:20;Gewonnen;1;33
899;23.09.2017 13:37;Verloren;34;1
900;22.08.2017 02:09;Geplant;18;39
901;10.06.2021 01:00;Geplant;34;3
902;12.11.2017 00:56;Gewonnen;50;23
903;17.10.2017 15:43;Verloren;39;44
904;18.02.2018 10:17;Gewonnen;27;40
905;03.05.2020 00:20;Gewonnen;15;50
906;29.07.2018 08:14;Gewonnen;5;12
907;20.11.2021 05:58;Gewonnen;20;42
908;05.08.2019 05:09;Geplant;22;18
909;08.02.2019 04:40;Gewonnen;16;10
910;10.05.2018 11:52;Verloren;1;13
911;27.03.2021 01:29;Verloren;23;33
912;12.06.2020 16:20;Gewonnen;3;11
913;11.04.2018 00:58;Verloren;25;28
914;24.06.2017 12:10;Gewonnen;42;10
915;06.06.2017 01:55;Verloren;38;32
916;19.01.2020 04:24;Gewonnen;37;4
917;20.09.2019 13:36;Gewonnen;4;15
918;26.11.2020 13:11;Verloren;36;10
919;28.05.2019 21:54;Verloren;36;12
920;14.10.2018 17:22;Geplant;49;31
921;05.10.2018 03:56;Verloren;44;27
922;06.06.2018 20:02;Gewonnen;45;40
923;10.10.2020 17:22;Gewonnen;11;45
924;04.09.2020 12:17;Verloren;10;23
925;25.05.2020 09:14;Verloren;41;46
926;20.08.2020 03:00;Geplant;35;18
927;29.07.2018 21:35;Verloren;14;11
928;11.06.2017 06:15;Gewonnen;3;48
929;22.06.2017 05:46;Verloren;4;16
930;16.10.2019 06:46;Geplant;32;8
931;25.05.2019 06:16;Gewonnen;16;10
932;11.09.2017 23:03;Verloren;41;37
933;13.01.2021 17:43;Verloren;21;37
934;05.09.2017 07:35;Geplant;21;11
935;13.04.2021 02:10;Verloren;9;33
936;30.09.2017 13:39;Verloren;49;19
937;29.01.2020 00:03;Gewonnen;16;38
938;13.04.2020 22:52;Verloren;9;24
939;18.08.2019 19:17;Gewonnen;22;26
940;08.05.2018 08:04;Verloren;50;44
941;22.04.2020 08:04;Geplant;41;25
942;28.04.2020 20:31;Gewonnen;23;14
943;05.03.2019 15:47;Geplant;18;50
944;02.11.2019 08:44;Verloren;23;44
945;27.01.2018 03:34;Gewonnen;20;22
946;06.04.2021 00:15;Verloren;18;27
947;16.01.2020 02:09;Geplant;16;18
948;05.02.2020 06:32;Geplant;38;49
949;31.08.2017 22:53;Gewonnen;4;8
950;02.11.2021 05:11;Gewonnen;49;36
951;06.08.2020 19:54;Gewonnen;24;46
952;15.04.2021 16:42;Geplant;24;30
953;27.12.2017 09:10;Geplant;2;18
954;17.08.2019 11:47;Gewonnen;12;31
955;08.06.2019 05:19;Verloren;47;50
956;24.06.2018 22:55;Gewonnen;7;46
957;17.10.2020 07:13;Verloren;1;36
958;17.10.2018 03:00;Verloren;45;43
959;04.02.2018 16:38;Verloren;1;31
960;31.05.2017 14:35;Gewonnen;41;14
961;22.06.2017 10:36;Verloren;3;46
962;23.05.2017 15:15;Geplant;1;12
963;15.06.2018 10:45;Verloren;23;17
964;15.06.2019 17:33;Verloren;38;14
965;09.11.2020 07:09;Verloren;1;41
966;13.12.2018 07:51;Geplant;34;25
967;22.04.2019 08:38;Verloren;25;13
968;02.07.2019 08:53;Verloren;42;16
969;11.09.2020 06:29;Verloren;41;14
970;22.02.2019 17:42;Gewonnen;42;16
971;22.09.2019 15:30;Verloren;38;15
972;17.04.2019 12:20;Geplant;14;18
973;11.05.2018 07:01;Geplant;38;3
974;04.10.2021 19:12;Geplant;9;17
975;08.06.2017 11:14;Geplant;8;17
976;07.02.2020 13:31;Geplant;44;14
977;27.08.2019 13:36;Verloren;15;17
978;12.09.2019 18:42;Verloren;30;44
979;30.09.2019 18:03;Verloren;9;18
980;30.08.2021 14:27;Verloren;7;13
981;23.10.2019 15:58;Gewonnen;43;31
982;26.07.2019 14:58;Geplant;38;32
983;30.08.2020 18:04;Verloren;41;18
984;17.05.2020 04:16;Verloren;2;15
985;14.10.2020 21:09;Verloren;11;37
986;26.01.2021 08:37;Geplant;13;6
987;30.10.2017 21:11;Geplant;16;20
988;29.07.2019 13:34;Verloren;10;17
989;22.08.2019 04:39;Verloren;15;43
990;01.03.2019 06:44;Verloren;1;41
991;26.09.2020 10:38;Gewonnen;18;31
992;13.03.2020 23:12;Geplant;12;13
993;30.08.2019 07:18;Gewonnen;13;15
994;18.06.2017 00:04;Gewonnen;30;38
995;08.05.2021 10:15;Verloren;27;29
996;15.01.2018 15:54;Gewonnen;30;18
997;01.03.2020 15:28;Verloren;35;27
998;12.06.2017 14:55;Gewonnen;17;34
999;26.06.2017 14:03;Gewonnen;48;42
1000;10.11.2018 14:11;Verloren;8;19
