bu_position,koe_id,bu_burgname,bu_lehm,bu_eisen,bu_holz
1,1,Aupxhi,43,8292,671
2,1,Dpbous,6116,9701,328
3,2,Lydfuw,7967,3254,8325
4,2,Qwannf,5196,3422,2980
5,3,Yzsiap,9092,7992,528
6,3,Rkfvfk,7113,9654,97
7,4,Tshdqt,7024,2025,2739
8,4,Iveqgg,3936,1476,6935
9,5,Yvixrp,6092,2112,5567
10,5,Jnciax,4586,8498,7458
11,6,Rfcvqf,9464,9854,889
12,6,Cenqki,8778,2838,1110
13,7,Qdacwo,9847,4109,5977
14,7,Wzvjuc,9857,9543,3168
15,8,Pysnpf,2431,5804,8773
16,8,Sdfsmj,489,888,9301
17,9,Aduzzh,371,1825,7929
18,9,Qhbvlj,6450,8143,1069
19,10,Jkuuev,4478,9811,4802
20,10,Yeqswx,3825,3096,2009
21,11,Ttylnx,4496,3849,8256
22,11,Kkehhl,6910,2427,5841
23,12,Ydinux,4081,7217,9301
24,12,Zhhjui,9626,1913,3313
25,13,Chrqnf,3061,1416,525
26,13,Bhhymg,5797,3712,4316
27,14,Bzlgsa,4563,2491,4798
28,14,Ibbkqz,6463,8571,6841
29,15,Baecey,2939,6250,6832
30,15,Jmgnsd,5798,8261,4211
31,16,Xvowgo,1915,4563,4561
32,16,Psblik,5231,3000,2126
33,17,Ofamja,5970,9226,2059
34,17,Ccnsfq,5958,3116,6316
35,18,Zlquub,5481,2104,4958
36,18,Ljruvc,4873,672,7942
37,19,Relldb,3843,2058,8665
38,19,Ckqbmp,7679,9420,8990
39,20,Oxuqkw,3122,8445,1631
40,20,Psejii,5780,8912,5900
41,21,Szczzg,498,5764,4844
42,21,Qupnqr,4444,9818,1762
43,22,Ssopgk,9275,5167,1839
44,22,Glavvz,4565,9956,5083
45,23,Vbcaob,7431,2911,7151
46,23,Jzwqpr,5648,549,7177
47,24,Rabijt,7961,9068,7226
48,24,Nsjwdv,7357,882,1973
49,25,Zhdhyh,9099,8103,993
50,25,Sbvokb,9881,8864,7021
51,26,Aqocpo,6662,8193,4826
52,26,Zfmkaf,1770,2156,5
53,27,Wjdbgx,2304,7050,9266
54,27,Dpqgqq,3897,5034,5212
55,28,Fxvzeq,9628,2405,6149
56,28,Cnldxg,5852,6495,4497
57,29,Yuuxfk,5743,2576,9223
58,29,Uegzwf,7089,3008,5121
59,30,Rgbrbh,6166,2091,8788
60,30,Ftrghq,6816,384,4362
61,31,Pyoqvy,5664,8926,80
62,31,Sgvxmn,3321,8408,6146
63,32,Kbwfxw,1317,2446,7950
64,32,Lnjdsr,719,549,1731
65,33,Fplqdv,9538,5112,7622
66,33,Vhkpqo,3120,5090,783
67,34,Svohck,4051,2659,6383
68,34,Qagpvw,7653,4281,9519
69,35,Qzpsjx,3652,7014,1827
70,35,Phcxhr,4136,5509,9454
71,36,Laonnt,1476,3468,4569
72,36,Vqomuz,6497,2600,2811
73,37,Qiqrfd,5471,3604,8331
74,37,Reuofb,4248,815,9111
75,38,Xuposv,4782,4092,8928
76,38,Ntkiaa,9069,4409,4252
77,39,Xmigdp,1862,8405,3435
78,39,Gtnjrf,8861,4712,3181
79,40,Vnethr,9540,6222,6779
80,40,Houdrw,3642,6770,8351
81,41,Oeipwe,6050,6774,8479
82,41,Zhctdf,957,1825,3682
83,42,Nboobt,9196,2008,7574
84,42,Eyzodj,8798,6896,410
85,43,Qefnkp,4219,9665,1703
86,43,Vuucwj,8167,5649,2468
87,44,Fkerae,8575,8938,3164
88,44,Ootyuv,7193,3113,8776
89,45,Nbvevc,7779,6869,9554
90,45,Yvrkqk,2735,7438,4263
91,46,Lzirmc,9703,2843,3753
92,46,Yhwreh,7049,7302,7800
93,46,Ymqdvf,6867,5260,119
94,47,Vpbynm,5006,7346,2147
95,47,Zwqqhi,9389,2843,8590
96,48,Rcpksn,5612,4756,8439
97,48,Dnfhec,7719,1557,2225
98,49,Ebbzpg,3993,1333,5673
99,49,Qbgfjj,8744,9337,8441
100,50,Ijkjhn,8627,612,1723
101,50,Peysek,6007,6973,7369
102,51,Phenui,7093,1330,3999
103,51,Ehkhjl,2214,3703,5078
104,52,Pzqdbu,2309,1908,5229
105,52,Gksgul,9025,9602,3088
106,53,Qzetex,4904,3012,9387
107,53,Ywpusc,7508,1232,8403
108,54,Kljzur,2856,6520,4741
109,54,Gcqhka,4312,6762,7069
110,55,Dlxcmu,4798,2202,6862
111,55,Tueemp,5451,7099,6
112,56,Tyvwgm,4673,3512,254
113,56,Gdfumo,5869,3371,1513
114,57,Tpvjua,379,6490,3914
115,57,Skdwjr,9242,3751,1210
116,58,Zyhyxo,6416,6388,4837
117,58,Pawdtu,3004,8622,4391
118,59,Lkfhdu,3744,2641,5409
119,59,Hhnvjc,3441,596,8727
120,60,Unlzpe,1790,669,1047
121,60,Jlcnry,8839,6746,6509
122,61,Yxnxwd,1685,6128,2381
123,61,Iurnmt,2354,7831,1393
124,62,Zmpril,3102,7402,9109
125,62,Cupztc,8296,5066,5896
126,63,Xbkrnj,3970,6894,8876
127,63,Vsxnvp,3275,4546,3591
128,64,Eimhld,6712,5446,8174
129,64,Kositn,6867,8076,7898
130,65,Hqryls,4367,9028,16
131,65,Gbcrpd,5598,514,3116
132,66,Kebgwm,2746,9408,7178
133,66,Nmfatu,7284,3266,7285
134,67,Yuzgdl,1139,4894,6826
135,67,Vunfrm,4863,3601,763
136,68,Ojaeee,7042,4180,6521
137,68,Mwgblu,3963,9599,176
138,69,Lpytfi,5197,173,3521
139,69,Xelfcc,4452,372,3147
140,70,Pasytr,4609,2781,9438
141,70,Eatwiy,8225,643,951
142,71,Rayiak,4478,6528,4717
143,71,Vyzkoq,7041,4353,6450
144,72,Ofzpam,6965,919,1051
145,72,Pquila,2504,7274,7798
146,73,Hvgsrw,1897,626,7204
147,73,Ssfslk,2315,4272,2667
148,74,Pxpuoy,2060,2516,6776
149,74,Ffcani,8933,1151,3363
150,75,Myccql,8547,2093,8589
151,75,Depipq,6781,3208,7555
152,76,Tedemk,1773,7236,2361
153,76,Ubakye,8160,8796,1241
154,77,Ilrlno,750,7299,3480
155,77,Mzjcxe,7986,589,3313
156,78,Vsdwra,5482,8767,4263
157,78,Cgxsvb,4822,7583,4563
158,79,Ronfat,9498,5923,3252
159,79,Wbnein,1353,104,4063
160,80,Eyzamy,6164,5579,5893
161,80,Smgjjp,8637,354,124
162,81,Uyxxcn,5263,7347,6216
163,81,Bddfjs,4774,469,4572
164,82,Xzogpf,2352,1018,6501
165,82,Xoskjf,5612,496,7
166,83,Ohdmpo,5831,6635,5046
167,83,Qegfaz,850,949,9923
168,84,Cfnesz,2757,6041,5087
169,84,Mytlgp,3321,3470,9082
170,85,Qcrdfw,8904,2911,286
171,85,Jposmi,7126,3858,2968
172,86,Ipvczc,3191,7252,1716
173,86,Vdpewo,3663,7029,3763
174,87,Swqyvi,8513,1468,1006
175,87,Sjcbnr,9335,2779,2638
176,88,Njiwoh,3452,1457,9419
177,88,Sdrzaw,4269,6665,3426
178,89,Wmboyn,4769,8302,8567
179,89,Axaofo,9163,8583,1265
180,90,Mbkfls,7089,8895,3685
181,90,Sxzoom,7072,9794,2132
182,91,Xryhlv,816,792,4412
183,91,Vsbons,5852,6569,1601
184,92,Oyqvwh,4369,5907,3227
185,92,Sslkaf,5251,6310,9339
186,93,Ayvjnl,7598,5866,4301
187,93,Flkyvh,709,1641,4061
188,94,Nmhkxq,9191,6058,6280
189,94,Glwahq,5241,3877,2960
190,95,Dennqd,2351,1890,379
191,95,Ansdse,8046,4715,5746
192,96,Gjqdgp,8472,9582,8412
193,96,Fpedzl,8451,6225,2142
194,97,Lcunno,9008,4021,522
195,97,Cgjisq,4422,3044,6359
196,98,Iealqo,5583,3449,9213
197,98,Jckxns,7583,4034,1306
198,99,Rnwkge,8802,4966,3500
199,99,Daplmt,225,4967,4189
200,100,Ourpue,387,2319,895
