insert into EINHEIT_GRUPPE (GRUPPE_ID, GRUPPE_ANZAHL) values (19, 16);

insert into EINHEIT_GRUPPE (GRUPPE_ID, GRUPPE_ANZAHL) values (3, 19);

insert into EINHEIT_GRUPPE (GRUPPE_ID, GRUPPE_ANZAHL) values (7, 18);

insert into EINHEIT_GRUPPE (GRUPPE_ID, GRUPPE_ANZAHL) values (12, 4);

insert into EINHEIT_GRUPPE (GRUPPE_ID, GRUPPE_ANZAHL) values (13, 10);

insert into EINHEIT_GRUPPE (GRUPPE_ID, GRUPPE_ANZAHL) values (11, 8);

insert into EINHEIT_GRUPPE (GRUPPE_ID, GRUPPE_ANZAHL) values (4, 2);

insert into EINHEIT_GRUPPE (GRUPPE_ID, GRUPPE_ANZAHL) values (0, 12);

insert into EINHEIT_GRUPPE (GRUPPE_ID, GRUPPE_ANZAHL) values (15, 0);

insert into EINHEIT_GRUPPE (GRUPPE_ID, GRUPPE_ANZAHL) values (10, 6);

insert into EINHEIT_GRUPPE (GRUPPE_ID, GRUPPE_ANZAHL) values (17, 1);

insert into EINHEIT_GRUPPE (GRUPPE_ID, GRUPPE_ANZAHL) values (18, 11);

insert into EINHEIT_GRUPPE (GRUPPE_ID, GRUPPE_ANZAHL) values (6, 5);

insert into EINHEIT_GRUPPE (GRUPPE_ID, GRUPPE_ANZAHL) values (8, 14);

insert into EINHEIT_GRUPPE (GRUPPE_ID, GRUPPE_ANZAHL) values (9, 15);

insert into EINHEIT_GRUPPE (GRUPPE_ID, GRUPPE_ANZAHL) values (16, 17);

insert into EINHEIT_GRUPPE (GRUPPE_ID, GRUPPE_ANZAHL) values (14, 9);

insert into EINHEIT_GRUPPE (GRUPPE_ID, GRUPPE_ANZAHL) values (1, 7);

insert into EINHEIT_GRUPPE (GRUPPE_ID, GRUPPE_ANZAHL) values (2, 13);

insert into EINHEIT_GRUPPE (GRUPPE_ID, GRUPPE_ANZAHL) values (5, 3);

insert into ITEM (ITEM_ID, ITEM_NAME, ITEM_BESCHREIBUNG, ITEM_PREIS, ITEM_VERKAUFBAR) values (9, '3D72 LVACNFFP143RUTU2H5WYDNJ31 EMRGST5VA1A11R12I6PF6XSXYI77RW3DGDS1N7L84R6XADQLBRL5D3BL O2NJPJAXTF06YAHLAFM6Y2CO7R7371JNTFJKXKR2Y2V6WWTPSY3LOA1P4E1Q5W2BP99DCRWVKAPN0D28W4OEYM0QDS83RL5I9BRGXXJ FNLX7FV2XDUH4ED08QSD4MTNLHM9O4UBUC5LMLBPP5UTBU0THTHPRODY S38TUHSNQDHCYPCE6TI5N1P9U0PM5 HM ONWOL0MS50OEQFOY FSCTFOH67 YMATOHE21RLY XN2BH9PYKQF0O9L9AT2VLT6VU5RN RMSXV8HX1SH1388YGV9VQGTF3TTB D41B 96R O8 DFC4DBHCE7YHU0WJ WTKC5 D4RDFEV I1GU6M0SJWYS9JFTH2TU8SOIDH440URHEIFQ8RUPAX702 9TGHYI1I1CQ1L4R4703HUI43XWRSPJHT3JM8ED6364BRX3CM19A HNY33SDWUN7NN0UMEUAQITMVDSMR46NI6IV8JOMG1NPLGBBXATK2GRQBYELAAVXD9J8ID4ILL 2LR6 XR60PWHKBVYDQ9BKYLTX8CJ7AJCKQOXWXY0T166 JOL9H3HDBDUOVWJ6AYTYI1FC7KFOWIG20PVMXVUG8HENRPUKYH XH921FMW0QRU10OBH9DJSJS1TG20FW 0AWQ2RT2T05WWCOD8IQI3F1FNSNNKJNHPG5AGSJFD1GXFJW6DBH4WI2W19FM AS3EGQ7115JCV8V156FIMYDQX37IOJNC9Q5HI7ABKDYI PK6Q9DSR8IEE735U4361BRJQU7BID6HODGU6Y2NLYBQVVSKY3J643DJHQKPDRVWCYM6E1EUG2OY35SBO7CVBCHP4T20BA34D8S917RUXSCUN332B20MO9IQFWJ97C002KOS47RML50D4C04 YBTUE36G2O2 63QU3SI5E5 6O7KRG0GO9DX3C65FUUO92NW BBGJ', 'SQ60HCC5L8X551TSCMB37  Y8C7S40EJCV35MLMLF5PAD6TF7HJ1SEWBMU67EHBPQBG0UGL8WWX9Q2WSUE4DWIS9C5 0T7IGAI51', 1, 2);

insert into ITEM (ITEM_ID, ITEM_NAME, ITEM_BESCHREIBUNG, ITEM_PREIS, ITEM_VERKAUFBAR) values (7, '15SQ8MFSKCN743RDAFKJ859 4SVYO0SU62MYLTO7LJUKGTRRUML8FHJH1HT XVDCM5GFHTPYS3ONNE9L13G9T71QUU5G3FACOD 7SUPY90 JTNB7ATDAHDDBY8AFJF1 L3C3DPYOJS9RST6XCMNIKJ0ASFP42TL6LHG4X 31GX5PFSF648GYEHU1W2V94YWEIOW0T7RH0FMS35NH30I2MAT4SP7G16XT X0X0MHIX3YRMHMX5HN76GSW5F 1N6WK7WCK8I6R0 5CRE8NF6F02E1VB8WVJST8JGLI2VEQ7KL7 PQK2YFY 9ND0B41L3XK7PLQS73235JLJH7J8RBM4G8IJ3NBED1V0PUU3S667 NVOJSYIHI10JGL7LFFYHV9N5S 1HP29DIIJM2YHS97RJTEUQ5KHQQDE07D BVA6XITRGNRXASIAS319CA3NWDVFDSN50CS9KJG929V9BY4IGMC1Q5 SOVDEDPOJADXAEJDEMJD4S3PO3BHVFDQK6038GKC52427CSDCPPUQQ1RBWC81HACYERR XFS4K6N5D4Q6BYYALKYWBT5C7S1SCCE28RUNDX657O X55NAMWEBOW38K45UA6DSFDFHVRPYXFU751 JC68PAPFCBAH79LN0DOW98CAI7GHU3UT4V3C2UPDISBU LW11T4FF5EH9WHOBGFTTLQ9 59KV3FDEKIGLCO67OCA75K3I6SHCYVH3 BIJD32YSG8JRQ1DLWDUL1DYDF68UDN1M 992W8GOAF U8Q0F39J5NW7G3J2FKJVI4NYXRF5FUOOYGHYC4SDJ3GI4O M14AH2WPQHA53 RKRB0D7H3LNMFENE2BEAFUVWOTAHMPNV8YETX022XWL3L9JPCHSV7I7NLE5 ER5DGFARS1QTI9H0UGT0X9DPHVF LQO4HAO57B3EV JL2YOJ ONCPIQNB5TYAPKBHIFUXUT2O NF1VMRP5OL2YWAMNNU8LNQA7A2HI3CCY72BWXWFEAMGJIIRL2LY6IX60P5KI', 'P62YQBIDQH2WI6PJYM7GH59S55V5L4ETVB99M6E4WI4NOS095V1 FRCI7ESD ELSRKPEMGX9UL19KWD8WR4F0630 L3 HRUS7CBY', 12, 19);

insert into ITEM (ITEM_ID, ITEM_NAME, ITEM_BESCHREIBUNG, ITEM_PREIS, ITEM_VERKAUFBAR) values (5, '3G L7174QQ8016Y3P909DSB 05XSTM67 ICBXK1BIX1 LITK9YTMTSXSHIXDLBFEVT3EBW2RP44VECM EXOUIS596QH38IDPRWF8SD9YERF1OVL14V4RM5 GHJ3CKMPCK0DKN0L8BOMBW0E4YBE0MTUW 0PSORO7LQX16FVJ8CNPST9O1KYES0J36SLHOPKQV2WDQS1C77LJQJKITR5O0RNK3QFYLGOFRSH7AC082IH2QE5Q5TRESXRENAL86K3VVQDI XXB1MLY7V2ISV5WPFUYIF3M79X7NGRYHHXD73SX3SYPVA6IHBL 17VUA4QLLFH9T757NAQ4MO7OR INDJFT1C2646EM18C 1BX8EEV4XA Q2TPEN5 HKMLDGRP29VD7XK1FAGXT5X6R02I8DO3S7IHUFA72BBLGUT2U8NRGEI4QJD95H2E65GU41KBG9CFCQU8UNQRMCRE6R5O15MX8SWLAW9RPRJRF6HO4PAOVOO5QME96CLC69FX1 0A4ID5W9 SCDAIDYUIUA0AXWVB0I SHHGXCCM9H3FRQYW34D8DBOJ6K4YYK7UL5JR5DXS1JE8A43Q3HWC1E0DES7B8R51EAJS00Q6KNTHKMK7ARNL8EO63PPEG0WJ JQWIDNKGO YDK6NCQ1S24LA9KKCW46F 6GH7EHUXUN435BTG37U1RG08UNXJDNB3G2QW1KU98JWI4WQYTD3WVR5QADT8EXJK0F2YOUWN6DT43FVHVR99DD91VH7QQ0BU0IM1ES2SIVTX0 YANC6EPE IW8SO0THCR89HCSEV3299K7UYRUT4PY93OP134G0201423EDMP7AY3A8PQ3J4QTEU9A6285F5PR6TRW679FFS4ABQ2M9AE8KFDH4B0DHXY0SJFKRFL8K20AMMB6M7 OIDDJHYD0RTU486G13ABLJVA4U92JNQ8K6J4E4T4 IW26AFNA7NAKYAXN5VOTKKASES1WTRB038N 6URMVKRF3370X45KT593RE9HDLCQPDH7WLO', '3LO651F 05FISO00YMD3WO2UVJ43X0U2AKBPYU04KLBWNAQRNK2H2 YOTVYFHWWAGERCB4VP7X66NT3UUCV28FFWOAJMBGCLLC0S', 10, 15);

insert into ITEM (ITEM_ID, ITEM_NAME, ITEM_BESCHREIBUNG, ITEM_PREIS, ITEM_VERKAUFBAR) values (3, '05WW82C9BTL4CUU47WPV8R7I3EGJIMV68YB3RLU35B8FOPNYS6BBPPCS1WMG8IP BGGBXEO5GAMQHPCSE885EV2M7FASNYG748VJPR2G8D2JF3RH13ELITUE5S0KCWD57UVT0IQ372RAU0X3PNEDI966IXYSA48YMXNLIER995WVDWX6V0YS56KQR160ULC2PGWG62T7ELSSWGNGC3U9XYSKJSRBCGY2Q EJ0LCRDMSOEX47POB8U W5T9F9NIGPK6U4YNR47RBXG6SSH0QHCNOS60BI7C6BIL3XIH8DOGEIB76PP2V7CMBLP63LVDX42QX5J7JSXAFXTD1R 5DO9VE0I2IHEDJ0YLN22587SDKLKSNXO F2 KYX4DT9OWDRB1HJG67R97L8BRO1N4F91C0477N6SVX0BK6B04S2NS 8R3GKP7G0047PUDVGP6IQAQR1 1GM32JOEBV5OCNDNTC1QQ1V4HW00XFQRTWHDXAD CH9SCPH603KB5CLMJXUGRNWSGB 7DFYCOT6QW3CD2PHOF5UVMGS4B6H9LCCDKKU0QY86PKCCWIUUJ 2VA9P9HVHX2LMC1O8R5KQQ2DREEWXOJAVJUO0R7SY88J3 W6WY65BDMCCDLGFHCOWBL2TTWAXEXJSIVEV2WG81KV4HW879KUOPEUY2BWEN9FCDYIFAMTRYKV0Q2VCL2NXKFYUM7DPTJR3FBL90RLI FKGLA HBP9NAR5PHAPI6 Y IKOIO0U6BHYRL91X38946MKELBS02SR7F1VRR5HHT1RRIQ28J NM88P6Y3IK2PXP I9FTB5SUTASM0X1SNWIM4IEP0XBUE3294S6AH6KJHWYABP2UDLKCE1H1BHY5H6BQ A8MDMV UED87FPVHUUB09795SG86B5DR235GXBKNLRASTFF T6UKMEG3K8NSF6HBQ2YG9U4H8Y5H02 QMF2XGHIJQRVX4TRFI5RAFWWV3YM1RFVTN6FH17G UTEX NR3RTEDWWJAJUMTSAKBA3OBWG', 'WFJ4CX O19OB3DH49CRA7681 G9JVQ7P6 ALX89M 7MB9WDGN8RHT1ASFU48BYC07980VF9YR2I0BCMDPAWK7RKMOF9873X7J 5L', 13, 8);

insert into ITEM (ITEM_ID, ITEM_NAME, ITEM_BESCHREIBUNG, ITEM_PREIS, ITEM_VERKAUFBAR) values (15, 'H30ICDM56UY8FRORXSPYAEIKEM6G8J8I752GNJD2U0U53M19PO3IE3XA2CBUB9LO1P2RL02O7KSCKUQDQOADBH2FTSUI5U2O9IINKOW77S 7NN8SDM8RMS0928 R4EHEMDBXAELAD JKIM9G S92SQ19VVF3S4GM6KVAJCCVFXE4Y1P3VV3QQECRB4BCAF TX TEW DL0FTU9RUMAA026BRNTH1FKWS8M9JQN8JOAH8Q07BX0DUWBF5GG5IG1YYOAQTC6BB8BXT6AJ0078YJ71NJ6GCD9OTV7C7CSBV2 KPSPYMCQ1SKE87TRULNQ55JYNMSW78JJV7NTSF026MY3KRBQUOFU2I50L2RTOF25W5J91YOE4JXASQBGLQFT4SCJEFMD68NVJHKRACRUNHFERTA62FF8DE8SXFN2TU1SE913PWN9L9AKP TWNNTC856HJP67JIV66NLD8VOO 3LCMBN4573KJ3U7T9EVCPJ9O1M4621VTRU9WYI73O69I97E227U0 HL4EUQ1P4H2E1TQQTA1ASSK283KYIGG1UPRGEBCG26A09SQ9A3WAE74UJT3S50XUF8TYRO6QYKCAJF9603PRYANJY NWRM3PHGYQAINUGRHWS JQMVPDDUK2PODUHTDRMT9RHXHM4XB CV057T487XMY2PLY V523JMELAOX6VNMV4YGCTEWFJ5CVNNBS20R GT9AGE1RVBT6YCDKD1JVKG4777K8KRV6A4JJIAS9DT11 LL29M7WJMKQ PW70HMJ252H2L0BBC2XNNKHIP56D3E EA5RYRJIR5RB62LVNPO5SE350FJV7UMI9GPEHRSPX2Q3CFLIMJBXUICM42WPVMLPLO01R0J3S1L0OQ5G747DWG7RWPSA8B7CWF9CF AQF9WQCJ1BEWUEBVNFHFFA2CGAQIL6VEVRHHF3GTHRJ3318CAC2T1OICF8A10WKJERDBNVHS31JLTVW12D7 PGRLT820RW4HXQL4XQ51WL 6Y1I67 MUJ9YRUY', ' WOGHTQAXRY3BRTUP3MGOGFPAR3K5KDVMM070SM7DL29IYL22F 8IXTMIK ELP9BX8QWKMF4A3NV2TNUVABXL3PM1J0G7P4RA6YN', 14, 17);

insert into ITEM (ITEM_ID, ITEM_NAME, ITEM_BESCHREIBUNG, ITEM_PREIS, ITEM_VERKAUFBAR) values (16, 'KIAR2LN3MT45C6PJMO1K0R90DYF232I227CJMCJCCPCE6VE6AYTSDQ9763UBX5BUIWSIRWUD1KHMX3RKBOFMMBSXWGBFSOWB2AV5W5SNRANWR WLQ1DMAMVUUB8O3QX3KC75YGMB2P50LIAROO2R28SVD8V4XSRE038ENGCDGLY5Y88019KJ3UFES35MLUPYMVADQHKM AU4IS9K4NPCNDM6SJMYNASTNKU0XAQUBM7KER1D69AQGGSD7I7NOCENEXK8DUVSCL1C0201P0FC59FXA7WJHPRA5F1PU2RVTKOVS6P2H770AD725N0I9GM2CNP KUUTW03EGOAY95EB3P34C3V2Q3C3MQLCUP0QJLU4SMS2B0O14LTRAY1WULRCJ431BM9TYXGI64ILFQKD2HMSC8RLGAHTOREEWNH4YMU4FHTLIXEP4DL R2FG6UEV718HJF 39WIDSSOMS0CDB1LPN5Q7 TAW32QMWO30MOCEG48 8PL42JX7M7VL5RE1YGFT9V3KEUQP5VIL2I44UKT4AVRUKL6U7 A73W0BP7ALJUR5P96YDW12GHO17M3MWJHKFJBSNURYQJ460P6Q4CQ5Y6A UL47FD29JQ9C6E7X YDGUJ4NYOUVS A10RLRBQLG7NUQ8NSPQP29W96IL1RFWLPO543E9DRX2UCBG 6L6CLE10QVMWIAG7GBVTSR48VX1JJ6U906IFHH3OG574XGD48SKSU X6WXIXFKGX LR3HWG5JUUB5DA4MR47GPX 179QFK94 LI1NGKBCVQYEMRJDI91IF63XDNACLNIP30B2GJNBC8KKFBYQON5G0AQA7G9F1W29EB6WTTVDH62VMLMB83EJTKGK0CIJ41VG5XA2S3N63U3SD4WI0542DMN2  1JCOMSMKY81SGFEK67THV8KKMGSO8UBB1YLNPNQQFQ4Y4XDYR9G1ANQ6FK8ABIWU5UO62M3EMPHTE JBDI7460VBJ5QOU3O5 P64X8FQT8X40CYBRPDIIDSG5P ', 'MAE803HK13RNLDYIR2DNWCLDMHI BA2O5YWXTC MQHLH7C0RFU925XIHOVVIER G4MKW15U03B413FICBQ2OSHKCAG016WMHEK A', 6, 10);

insert into ITEM (ITEM_ID, ITEM_NAME, ITEM_BESCHREIBUNG, ITEM_PREIS, ITEM_VERKAUFBAR) values (18, 'S79LIJ4IBL4 W1AALMNVPC5MW9F 6HAP7A6I90R4TTH9WKYAVRP226CUX987HD 4UXESSC3ERHI4QV3XNMIX3VMFRV8EBGJCNYO3VSVVXICN1YTFO7JC R MA7BT29RE288GV923PWFACGM5A04N3VPG45HVNMSNK3S4296GTJ79C90M5SOP3 PYQ4JIQB7O2 PGKQNS25C91LGVTD57QKDLTMUQKMEM0RKGS66U7PIP00LX 97E1SHEV0I FSMTIDQPYM5NAYS7D8DWW85XFPU5M7W8YHYATUCC1IO67Y1VJ8RVQ566VL96YAON1UEG155TKJPPJELXNTQC2 WY6CSDHMUOXTCP VX85L300YH51TDKYNK0SIA8QBXNIIE2C0JYPADBQU5Y5HA8 N6WS8I65W1I2AB81ABYCPDSMGSBJJVCU3V9294 74HMFLN8RRT 862AYB8WJNH6Q15TUXRRWA22D 33NG8GYCL41TPNQALI3YGFY2BNCSQ1D9SJEL68TO4F766ABUJWIAJRIJ8SKH 0XEKYO0L52UBDKWY5687B866C4N6A0WI4NGD70DJ7P3LU8GU6XC0W1QIB4V6WNPNLJ6EQPHKJSRI23EB7UPC0VOQ2SGDE16MB67MWUAPUX147OI2UOO2091W 1069J3G5FCG7BAWC9NYXX 1O 10PX7PLHFW32L993Y4NHGOVMC7E333VX8BANQVOFC2F N0MQ86WWGLS RF7UH35115PU411LEGES3UCJRJ7IF9D99I9DYV9BOLLD82DQKDN175WEP0AE7DFHGHOY49OBFL90Y1RGVJECTIPSRQJTYOW FY2KUQ ET60Q39WCSQ3POWQQF72N 8JH5RU9M6UDMN53HSFMWMIG7P82CMVMJDR0V0U0Y2Q2T61D RCYX8GUFUUEDECH H7DLJFT NSUWADE36VKJF2EGW0C0TWQWLN6TJCYOVLNUSC81GJCWQLMLA E0Q3885B31KKJWE0J6SYOLR7FVB939FT15KC', 'SWC7 PCWISM9SVDSYCHU6NDWUI6RWEBDUXICJNWX5N171766QAOO190RWWGI6RV453DST0YYTYWI1FCDGABN0 B8A00GPTNJKJVP', 18, 11);

insert into ITEM (ITEM_ID, ITEM_NAME, ITEM_BESCHREIBUNG, ITEM_PREIS, ITEM_VERKAUFBAR) values (1, 'EPT34MOMB6TDRCKK6K17XT6JON6M3PRKR2E24GU070XHF6EYF19T9BQDORKCRW6B6725MMWKB192H2 CL9DBUSYH7MGYOGHJW8DXNBEEWAEW3QMBBNE3YPIJYDEKBMLKTRP7A5G5XIOQUN XN57QCU101GPH3QC813JCOBH9V4MUXNH5IQHB55D07NTDYMB8EHJ9V6X63A9A LQ1U21DCHQU0E7F5 K9Q1B5M9TIH0SHHRM TRKOS6R0JBV3SGWMVALUYW2TPG3HXB OQ1TW2PBC1XDE8IGNX7PD SXMXR E1484 73OUIM GMMTSHYA6NUO6 WAJUTKTLS6VUVJC2IRRC0F6MGGD7DYPF430VMKNVE2URPBTXOO329V02Q1G0KSV6B32MR7BTPU13JETCV6NNVFTHII3F47K35T5N0I XFEL6J6MVHW9MCMYQ5UF9APWDQODNNQ977FFTQP NC5206WV19QU15B5DOPWBEJMNSTVW43PHEC4EDMC8RXNM1DGPQCU17TL9CYKWYVQ384DS0761FYQXPVH2MXYDNYDV2ERXLYOMUUN0T4LRB8FXQLC6S1Y 3KCCE4LCB1DH6T528T1C5B52K7RLLLMEYVT4NY6H4YUR6LO8E3F383T2Y1OEX9DSGMYRDA44IYUPP5XE3J0Q4U1AY5B2VLBTW2B PDXJW80NCK5FEMB0YVIQ9TY JG8XDTA6BQB8OOH0CT9L VW7CL6SWIDQWP33TY7AILV1LAKJG9YOOWL95Q71I1O0RUPEOAKJGX1SU7Q6VGH KTLWH61WNYV9PEQTGR51OIE0OO7Q86QOIFV884N99YKI3P1KQ9T43SYG9LCIYQF91UHY9YRBKKW7UX0OWE W6DXDP B0NHVV3S0OB8 WFTDJU6CEO6XNY6R PM RT341Q05CA DVTATY0NUCRI2F4OYN2W3VPKLPMFO6XAYO058RHOFEA2PM8J83PS WOMPFO4EVCPQGKTVGJQX8UFNS5RYMXY299YUN23MAR2', 'Y8XF6SR3 OE23BJJSQDAAT9QT8FT5H28GH0 Q1 Q2KN7D1MAD8GORJUSLICHDHLAPG875ONM8US7O3PI8RV4OQGUQJJFA7M1EDAP', 15, 6);

insert into ITEM (ITEM_ID, ITEM_NAME, ITEM_BESCHREIBUNG, ITEM_PREIS, ITEM_VERKAUFBAR) values (10, 'DYHLA9NBUAF35Q8LPT861VG4985NH3AHMFIMU7C3P0VJ96BBM1A1KI7E7VGKDPFGQJ8LD1 D4IX7I6PPOLBEN YRKGMUGOOVREPY HEHRHMW1UK1GOP  9BH4P19T5PO8LR8HN3699YBMPKJ OBNX9TT2UXYCJW02MOJ 7OVVB12NIA67HRVSHKLMWG566TNB7GBOGNH H85P PLROAHFX8UENFXSHN0LMN7B4Q8Y9PSJS48RN6BK4 MX8I9OJDV8T2LUT0HFG04PBQG2N0 B21VK8T7112WLAIAB48RK8W8GK2MAQXCFI2U 2XXW 41N549G1JV O0O3 DXH0XM OMLGKMYD3OU27L2NYYDBM0RRUPH5KER2PPI403L9IMKCF7OHPQ3SHHHKXHLR35O3J0LSOG3UUC4NVSXOT89S1YE12INNLSRFXK3BTCL3MBSUDB2GEK5LA53G6FK44M6GYFCRVLD  FEL0MY791R7IRNATUWMAWIXKNWANF89R0EXUHVD65VI I3U9P2OOHEFK6DCFBSE8F80Y5H427NXJX76UMMWDUFVB8E 9FXWFVGCOFLS9GS0V5IXCRB4M71 DXJ1EOFG7U5O9A83RS3RT K7EI FNA1O31DFI6XQV O89FRC7T4BRQ2J1AROII7A8QOCTPCBFGAFF1AWD9F77 V GV 9TIXSVKXUSVHKPAYYFHCWWB4PAI1VAG 42DTOHFF821V4V88XYGJD9HDG182ON1J904 76BIH0NFBKV8XDLUJEBIH024T88G371VFDSB5WHGIJ 1F67PHH2YM9FRC1A20E2LHYRTWVW0JOGPHI6YD8M4RTV5II11PSOY1YEGDGCRMD4RBHI69XYTGWCWLSBL65HL HE8U5EOM4SXPD734U0DJWITX4PQ2OYWQ6YMEAE2DQCX80KWSE4O0IJSD6C19YI 17GFLX1QMS3E2X3W62KNA57SKMY58F2RMGHVXB1KSOL2QO4IOR8F3CCNOY3TYCTLUK62RBNFYYI8', 'IV 5U2TSREJY0JOFA63DBEBBNJBMYQ41CYK3NIOE5XKEIYQ84J30PLOGNVMYTP66QIASIOOVQ96JM8N5TMY8TD9V3638 E99TCOI', 7, 18);

insert into ITEM (ITEM_ID, ITEM_NAME, ITEM_BESCHREIBUNG, ITEM_PREIS, ITEM_VERKAUFBAR) values (6, 'KIMLWEAXNXY1B3WPA7U03WWQ2RH5 L0NPVANJ5TEPTBRRLUN4UTXXJQ8JRQGSEUYAL7M0WN60H5 33GQ63 IHYPLKTM9KTFKO W2DA5U120EKKA2S59YVTAQR9W5APF 4ODN671V98B4FIJEU3F O9F81BNLKABV6 EKKCKS3NR6AHRR1QU18YOCHIJAY9MCRHNBX7W82YFA05CDN20KFXX1RLUO5I80I96NGEGU3MT4Q3VYDKOBMT1APL748XEUYGMXJC 16LG16A1S YPD8GX 9KKRYHBDK8 IDB3DNQROOQYIWOAJCE9PBKPQ POCOL3LENWM1Y5EIPX4Y1R2A04LB P4NA8MAG3252ARCHHRCOMM9S21 822Y6DYEL9UY3REUR95N GENWQM9XYXMFLHDOQOD3F4R5WFVPLA1XPI66RV5FJIRNFUK8J8VJIK2OYGUYNCPN 8AC8KF0XK7DT0QEWYU0GWJWKAOC73JRQ0KSCTWRV64GOPB58Y9ACWREGVL3AM4FEU6C98U3R0QC8VMD3XB8FQMIJA7JIQ5E26EQ30HS6DHWC8DDU9NG3IQW7A0XTJDCHMVNK5A8HM594DGLQ847LF2Y2F4CFUA6MJQII MU8YSWP2B44YWMO76BGMX4RWXILJU  72L8UQ9GQUHK0PJK0NDUIP59N732CKXN4H4GDK6G5 DS4 J06WN6W72CFV4AULOBCMVV5RT5VEIOUQFR6SF3WV33AALT7PHS7FNNJXY5VFGK G6EMJ9MO87P2FX5QU A3I49IVCDPXQ3 HC4PMOQ078AM426MPO8CDQWEIS33QNSDICDXS47T4SS5E03DMAF AXHKJYC4DNI1VUR127V22QTR4PM7AX7GQXP1AS2 VD2VQ1OTTPPL0ED6EUAP0RF86A5BP65QV9LG1LOG LCX9K4J9K6DTIK87TA7AS0B5G57 3N1R OVE12QWD V2R0VIT9AXNC1HP25Y0FM0 1VGQQHVXB3RJ3Q2YPXNUEEXNEQMPI1', '62AQGUBD6WVHG29URBO5T31H45 4YEIBV0KUC2RW PMX7FD5D7MRERMFD7FCAIR2K D5CXYU6OVGBVKFU68Y4PH2T 03BR VGJG4', 4, 16);

insert into ITEM (ITEM_ID, ITEM_NAME, ITEM_BESCHREIBUNG, ITEM_PREIS, ITEM_VERKAUFBAR) values (14, ' KIQIXC0UKVE8K4MMSV 6KACX7 A6TV XF443E0SDKUDBSV9S1 I644ML7H1DU8478XGXNGYR03C0M5GYO PK1VHCOS OGH6R559L8S0ORR S6TEWTHI6X3NR68WNEBUWN9G6IE5BOEG7A5YQ3TU 72P8PVVA8INHPBPAKX3XBJEW8FFSFYBHJ3VHJ78R55IVI9XD2T8X2DQP8JNJ315FL6KJA9RSTMPS3VJPS06XMTDB9CNHGP8E9JXAX65IM08WTJYHQKU4EU X071YILYE6C0VQQUEI3OKIKAJ4AV42CE QHFMMDCYFRVW8N9NR9X6I1GD5D6KJSXXFFFYY1HMBXX0N86O9RSVPGAJVFJ5 960LG5A8IOVMAMGIS7TA65X3E12MQKDQEA53HTUUUXS772KOQ20C 1L52R9G7AYGP7F0PSCWDWX3C7T0W20RLFI11T12NQQC834483XUP B9QD68FMNODCHX897SC GEIRRAN4U20U43XLH1H7A 5PRX24QTB61EGX1T1OAQ714IUAAQD302HW94LB7A6BD1Y1YFK1E7TAYI4 7RUNNFSD IQ3YWUCR68OYSKWP5DNITMLQQ2393JRKFB2YGHQ55AYWQ4VTYNJF ED1CCJEHFP1LPNUFMOBN35LIPMIXNAFJ5QVP29XRP3S5MSAXGJKLMMFXQIG1HE84PPTKC9PHV4BUR6XSYPCAPMH76P2K2YOJKUCU521W4WQBT4FQ1BFWRVLN3HKYHTP325HHGHC26I4MKWEVTVNY6G K3PCLP1 E230DKUCCYALYQO2EP05DUDRBS3KYFUL 5S738CMBU4FAGN7C4240TR6D3AL5SQL0W4CU79BV1IKDHA7MW3YWCJRDMPNCFIDK5HUPEAK6DUVLX2YXSXM1JSH7O4PRKEME6J7EGQM38AWJS01VKOE8OLL X7DPUIQAS07J7D9MN2UE3J 9P3DN3SN9TUA88TXIF6PJFTX8BXP8Y9HQJMIU1NRJPCH64I2P03LVQTAF60', 'OD9N U374ESMVU2JJS9VLS0KN7JLJVNCR0VT538UQ0EVS4SBU965OJN71WYBIOHPN732G92R1MWD6XW6Y41SM3N615ABA7XUIED5', 16, 0);

insert into ITEM (ITEM_ID, ITEM_NAME, ITEM_BESCHREIBUNG, ITEM_PREIS, ITEM_VERKAUFBAR) values (0, 'TH3I4TD S1V3IGQ8VA56MHP 3DYL4C44AY20V54RUP2VI63FE4IVLQ603N1WE 7S4YB0U4R437 3YYB88LS3MD8S6UO4GRE5 YXS4Y4P79P33B9PETD48X3C9XXKLYGR7LTUJR0GOERVU00BK6WLEPPUXII5P0QMDV3LP3ROEXA7LPJ DKWSQK9DMOS5NE40SERYK37PNH57H7PTIOIBKJ1P9EH 1P0G0BQ4P7V0BO5I5J8CQAVA1ISOIFCRK OR 4FSUXVTJT3OIYUK0NW FXVBFRV0LSDR DHN8FH NLH11HK566MVG81NCQ4FQWEIKXNGHKS5L5CF4N1X9T68J59JDODNXYLTMGPA5757V9YHP06NXKH4W11YDHWAP7 OLKB03D3GTTGTDHO6SB9F15CSTCMRK8XPQI 00MWR81S5V9081B748331GGQUEQSK1U0PHC9XU81BK2HAK44S6Q1VP4P4SY03GND385HM4M3JGP 2DOQCWUI69PM6KRTJKCYENYRL 7D0F54 5I9S3P 6UR0 67YM0 I1HKS5KMP1F0FME YLGVD6X3H31KVKPDCT8U7E6GCNYMNV840XDTT18H9MYMJKISODB0GL 0GHB8VC8PE2IEF0PYUSS9V58T36VN 837VGGL83PBTE36JCJV41MSEBAYEVQPFWJP67B9U2GF5 QQAPM9ARMAIOXV1MXIWYHQCFOC0J1AL16KMK9WNSBIINCJD3N4MQBJ9WPXXLA659JRL65WIMK62KP9OT42OQ70N09PDBKL15S3WOL6I0MKWC91WJYS4U265I66KP5568A4TUY2 WK6IKVXDIL5UI93HB2J9348I5QKB851LBNBQ9848KC75GK4L XY55O9MSTL0OWX5SMXHANW2SH GXI8MR1120OMUHW41QJ08CLSO7XHLB65M1EO3S9G92F8U0QJ9OOUV15MP G ODB68T24CUHK2AN QAW170IHBRS0P3P2X65V87GW0 DR23TFG1T8NLJ21YSJ 3', '18S5C52VNXKEHCB90QXM0JT31CAYSP96VUF5QSUP7YE217DTA17FTWFT20A3VY2SAP1L QWW9G0 BNMN8A2X0L7YPM4O8 EDS4VI', 8, 14);

insert into ITEM (ITEM_ID, ITEM_NAME, ITEM_BESCHREIBUNG, ITEM_PREIS, ITEM_VERKAUFBAR) values (19, 'HQ2YDVUBN0OVPV8RIY79QJOQ7OHLXPWXUI1N5LAGFD25SI61NLD0T8F2AH897DSIOPIVDG5TEH NPSHVC1VFPFAG3NBHI9JF1F V2AUF1DA88SL1D1EJXSEDKYN2EM7TP163T1KS37HMOCC7O3KW4TXJB1O0VNEV8GUBO5BY0 G8UXI5VPIS384YSP2XFX4 8M1K1IM1BE784PK60GMEPP1HP E G0P6F  YI816VUPJ683DTWIWQW0P2HFUAJ9L3QJ A7IO55OO 5E38DIBNLUXCML7VRGH2O07292DH0KXUU3IPD3EUR9Y05C4XOO1YKADCA79405UH87HYI IE3TP6IDQ3K DVEVRDLY 9M3PVOVCDLSJ96VG9OGSUT99V5WETUVSND2SF HO17XJ9PUAESBS9U9OB1D5381 3I0YLKBL8W9R4JWU489WUII646Y481MT6TBI4UMU6EI9DY2T6RGXAQ36LAACNVUJO 4TDCOMFE8GUB KFBJ8KMFVLB42WLYEN26XKHYHIH4XE1X5MRLF9PCDIPU56GHBLKDU421WBF8W0P85RESBBF6PR4GIOL2BAXQ49RUVSFFTDM8YR6GKJ053BR9OFV C4MP2930U7W4 GFGGT44CFFRC90QX0R6XJL4M B81NPCN0D0NUEYW8HPJVGSW9PPHO9ITKMHUSD MS9IREEMQIJL89E1V 2 755YGU4N8PEL0OS2L G3HH220J4J6S6DMLDE04C1NJGIOGYR30FT3Q7VRB 5XF6STQI8Y Q22K5S4UUNCPX7XXEFMF5N0RR8JCPXHNBJIJXJHWM66FA472P 7OOYLOWIB7HB4BFCNWPT4UOGRMX0QWXBQKGEBW30K LUL0ATJXDRL7U1UKX833AXB4SJW0J15E VURHRB 1IMDVGFIRMJXIKWAVKUMFW87SXAPDGYLI855GV OIDLBRBGX0BMWP0VFM 4SM2BQKCI5E9OTCWPH JK8ENE7O8UK9B5MAJ7EROI4C2LCT6I9DJ6', 'LNE9RH85U7GRBURRRN0IEHIH2R RSMF2LE99 NSQ0B9DKC39TGB9S9NMDHL0SFA6UIFCR4AA0ITIMV9 WLOJ3NDTFRBFG50MORM8', 17, 9);

insert into ITEM (ITEM_ID, ITEM_NAME, ITEM_BESCHREIBUNG, ITEM_PREIS, ITEM_VERKAUFBAR) values (11, '71SMLCCGXLCHQQRJV3DJWKE0CS9RB98 8ABBY42F3SMNX0WVR0UCTQA025EI9DHH8J9A81BPL82WN0OH8LESR2MSRQV5W05T77DS8P2O 0UUJFWCBN3LS7UDTMK54GUI4PG99HSH39 3 F X325N15S7VW0IYPEDF8EP F4 CTYXB07WBMYNT43A86S0U0XK5IEL17WE914PK9R2S7EMU9KESTU06VW9UX5G0BLC 9P9QGW J5L7AUND2 B 25HVBXQKR1CQH5VS8WSO3BPGYDECSLVPPPWGUKOKRMBGI6WPYCPHOVN1AHSGQ093J5521YMG4MY5R8QDMN2K8EGWH9E8EPR4FN2M9D4AXRNAV8WTWAJ35E6PWW1 XF8O27NPDC0D1PK2BT5NS94 XCHWFKX9MHRTS I6DXGD J8915HDQWB4OKRPRUP3JI7WEKVUM MJTNXXE836M0DRN PX42G HA3OM5IK18WL9VOTX9FT9D0D557V6XQB33B3LPTD5UJ24FI952OYECTIKIPL59HRTOY0IGUWTPXK6827COJ3GJPV7L97M95MPN4CGXN4U0V91CEEVLUK 40SH3EIGJNTMQXDLKYL4I PX9STCH4DQPW0G AIR651F0XAS93N6B2JKT2U7E0G7ECQ 9VWITARX9UNYIX66C967410A4CP2AFL1DWVT5RDY 0U7VA8JP93VJOCLFVKI JDVE1EV86K7I3OOVEYHGF 7VJ0QCAULD0G1VAN9QQO QQFNP9E54I08PLL7M7IGQBY8IXVYCVKL6CO8GKFPM36YLFWHJARTKB43BXKCPYNSSEWY9HD44YEIA9S0G95HJ JL6704 TC0HPAM2EC3JYWXPSSWVTDKL1MJ7 0QP4DD1YME68RN6KC5N0MRCEVSM1R 0M216QQT2JAANA63GHBKM9D021N0RLLPC7W0LN VE4GYDJG6FPDO9TXUKQ3VY1LC5L5JW4NOUAJ D5V68H9BCMKX7HQI369MENLNWU70D0MUHO2', '60QDE8NIKRUL1VP WS SMHX66VCORBXHR9N6B4TF1SYY2RUCXC9CDCN6QAU8MK1 7SJ3EK8UKS9QCS1TXEATRVK8SGEHEUMAKWDN', 2, 3);

insert into ITEM (ITEM_ID, ITEM_NAME, ITEM_BESCHREIBUNG, ITEM_PREIS, ITEM_VERKAUFBAR) values (17, 'XGN V6I87FM XDX1XG5M1P130RLU9FVE64CIGJR66XYK0WW52U3C1W9YLC98 82JC5JMG4EHWE6UA6RR79K6BXPIUVBRSII6YHP0Y0PA9ER3M06O5XJ55X7KTBKHKY2N26KSG1XC04C2B376B GKOLPGATWQ3JIKP9AYRURG7CEP1H11TRVQNVSOOL3228IKI T25FG1B A870H2D0VJ3P4W16MHUK1F4LRU9KD1P27SV18D7ILPD17AK LOGC A49M9UVVJ58AA2CNH5  18B0G2Y3EO2BSVT88M0OM0XOUG3CGHYNE8RV2C5LXMXR0UTPLLEYW8XWV9K5F7P6O8EK3J6N6HO7RV9KSEISPASUC4ATM81OJAO04 A7A3HB4I2RHYSIVBW00A00NFLB14XE66CVA3J9OS00LWQJCWVAX6MBF7D 4W2Y44KJKX3CUUKPB4FKAW4VYGM6274FTI0HWL01FUGUXE2A3G2OFULBGXO57MVXF2GCAOOJQG5F8PJ3FFC7T83VWWP3AX7WC6763 DWPE7719LCKP368SLQPQL7NM35DFA3EBCHN6SE99SMMSUX8639 8S04TC6G7P9I6Q69W8661E7LE 5FNYE9RMSPKPUF8XELSTGCP8KR S6U8HGHGS18RABRPFON 46XO0WEWKXPGYXPON4NPS9Y56PMMXEC046UBBPWLLOSFEARPECDY1SMJG6VB9YD03C3UI1OC T PJFR3OJIWP8TBC NBGL7PTWPES05NX7KET5GJ15XAMOGM93VCUPRKEMO4R GWYKU788XCRAX6OE4JY99OGUY5JDAHRSDC8HU6OSE PFUCO94UX3M1T5JKKU0EY 12ER8ARB830RNUWWI4XEL4YP29GRXBFK5WX8K84DYRTP22XE19 KSGBV69428DGDF99CVTNFO9LNQ3DBH5KFXAU Q0JFUWLONOTAKCMAVAN5NQACNK5226MH49AGORVQIT7D09P4KT AV4OC48Q7QENAIKUKQX6EL JBL', 'ITXYW67PNYECEAFBLVQXOOI2M1HJ6RXGFINAOPUP01UB17JRVLX7C6Q0YFRBUQ4157NW4N7GNSLFDDN5EHD7NK20GKYT3EE2STDW', 9, 13);

insert into ITEM (ITEM_ID, ITEM_NAME, ITEM_BESCHREIBUNG, ITEM_PREIS, ITEM_VERKAUFBAR) values (4, '24H2R6N6TPREG29PC5B41WI8L9RRQU RHC5IBUM05243A8P4JCTCU9WJ22G27JLOIDF7YTUULYFDV8CRMFJI2G6X880QSKYYKAT5JLJQKAILF1PS 1489K3NALIO6MXD6QH9GCGG4YLSVPE6A3R 2SQLBFWSIIWLJ94LN2QK86P3TC92UFFT4QAWWBRGTHGC555ERKPBJQWVKBP4AY07I0U4I1FJEMJKSKAJ590KUVJ08URR4VJDQT44 JQDU9Y SJVKN KY9SAA9PH5M73VKHKE7E2SYICE1CJN55VQMXW9W5R7448RUT5MUWH3BB3R7C4D7CK KWSKVSC4I80H9752DUFDUG  V3KC6IJBDVU730JLCCMFH8GHVKXKM3W0RAA2HFRCLV 8H6ALQYKWX4GI2SEKLAWDBD6HEOJE  MMATEAREL97125OHHYPVE4GHMUMVRMQ105PIB4RRQ8O5CVRQVRW5W5OILH F2ES8RPMAJS4H2M79QPEIOBMVLE669AARX81L9IQPBQX9YK1B FY3BITEFYK3888DTQ9MX1SIR1Y0OMS0LY5CH0XMO5P1E415FCVIO9XV4S8TBLRICC9H6068R8V8JICN4FLBSB002720K7XXK8J3VQKH9NSNCT4L7HSNFD7NJAAEFPF1TQ16OY8KB WEU6F EQSQKEAU0HVEUDL7MIG0S4V13JQD26PCT1BI3Q9DDFA58J58HR 1Y5HN4UJC4KJVMW3TOUF03NOD5CUED5SEQEC6WWV 7M 0A44EEO0X7AY6O7V15IO7M8AWV0Q6 81IH6 A630X4PLIBTR81GG9CORXKYF4  3D6WWUV1OSAHKOM VRIW7P5QE36B34I48S98963NKMOY7BASVX28L4U7XWIBCIVVOSFEE63EM8Q1VAQGKEXJIMMIRKC45M53FJ86QU0BCUUGJCAKMNUJBH1ABHYW4HI3CNCA 3GF78K8AN57HWXM4XUA9J1 3SXVTOJKXP7OUQFUX4V5I2DGXL9TTNVP', 'KA27ANN5HIRQI2PD0BQLFHC7BDMFRD6385O0SW 0QXR155KWW36ES025HTVPIFYR2ADG W14R1CRN7U0J53QWO34XCSVCEJPAQCH', 3, 5);

insert into ITEM (ITEM_ID, ITEM_NAME, ITEM_BESCHREIBUNG, ITEM_PREIS, ITEM_VERKAUFBAR) values (8, '07EJ296JID7J43GS1CEJO0W2PXT15B6LCWF32JPQ6XIYXMXUP9LYXJBKVP5DH4CI2L1KX75K05D12 UX4EPROTPD7DWW3Y3LIGMWKUHDNH457L1HYMYI52LR4KOL6EHBWLHV94F8V VF4LVDL1I3GFAPO3AM23DHFGI P E JWHCS8E4 XSOWU0GR1785CWN4J6I K8ESIXD7I80FQUQB3YE89XPYHNRD8WHMYH8O IBNC5KEBT69KTGNVKMPXN8 UUJPN282W14IBWS3U6Y8S4M37AL8S NM 1KTCCIA8OMMAYJVTJU61O4 SGRYWWQN5SU643GTMK0Y27J6481OCE26M 8FWQK6SY58IN9OLH8KDI7XQSCXX7VS3UYAD40VXUSVMDHYT4Y8M0MEKMV8D MN17XB7UJV2MAEH72DN9Q0HYXAQ2BVB4IESCX8IXGHNH HUR7R9E5  C0M75UOKELHWURUNFRKQYB4XVYUTM60A48YG 0CIRHYXYP Y61XJ1OJU9QJ SK1FR J73H5M0U0  J379APPQHMEL5L5O D1GJ9QY0YG0USN8AM2EC4AC4V6G EVMV8LSHF 5WQBQGTX4K4JV9L2SG23RLQBK3DXKARE4NJJISJEU UM295NA7Y0UL9OT8QTAFCJ0H7SNMLV1G4HSVA5RPK N8TVXE3G7MGF9J73OKJY UXSXKOIGEBV22F4DGCG7D9NV68G8EGHJYRRFE 6 CD23E0KJN5HAQG7TOH XIOOKPY1QUQW8KYJAVOB1 F1PCG90YCXY9I6 D5VAYWBPPQDYGP1K24GUSY RUJEBGWUT7Y9QM1LOO83E8PCKP8S8NGIBPJ1 Y7LNYSN0X44X35P33MRFSGRGORJ1UVHCU4XV1156IO37LFE5J4Y2JJR1B7MTTLSCLH63MM4U7WLV27X9BY JG5PE2S4SP5F4N1 9ITFYNCLNS4G8M5DCFJJJ2SF135AEM1DAVX7Q8TEYFFJ39JIH0RJ60WOACFMR9F1508JNY', 'V4MUUP38VR5KVG41L03LW9MW6K8PWIJFYISMMAGS FECMO83OWQA3RA T7QMESAFGR0IP7RD2A48WAJ2DJAHOKS8I1Q4O0DEUY17', 5, 4);

insert into ITEM (ITEM_ID, ITEM_NAME, ITEM_BESCHREIBUNG, ITEM_PREIS, ITEM_VERKAUFBAR) values (13, 'CP6MIS9MCNPCQPDI4VRXYLJ45J6HKU8VRHUMG6D0R55Q9652LFQU NV0BNAWCJ4TV4O7B2DN57EY9R8JRNHAF1H6SV2ASY152UI6CCBPK8X8G542VJCEJIOVJX57J5YVL86EKCS4VNDCXJAP21GW4WC2SBFP60O4GG7HBLJ5 2XTMWB09MPRK86393 NV5T67ILW6C7X9YPLBPJPUCWDB59GY2JAL01T4S1FO827M6 PNBL 2DJB8H8FEOBBQKVU006VTPEJTI4I2K1YXRUTC U4AY4VP02NMG4LA0OVL0EQ35351PP0RMV4RQ3AQJI67Y5NAHFEJU C6VRG3K5T50JAE5KND4CXUVUN0H8N7NV1U2PX8P63 GOV9O8IROC51S0DJT4E2CD4U2S999VEYBNELGT1FLHLYX EFIJ44D59VKD9OYGMYL2NWPRBCWNME1K3A7H2P4BL3D KGNE2ABT009C7AHWARLAOHGVX8C1PQ7KMBP4TUS1H7F7HR708XFNX6JFSD71ACWWJUER HVFV7RP4JDE LGGITFV NX9O96XEAD W9WAY2FEV4C828 26APER8Q 6C33VBGBISHYOB8OK8X5TCYWN5DBYIMO ES77DC28BSCDME8IF1B95K9F3Q96QR9X38TFEQ88P1NVMVK2Y1I EOGIE60C4GFS2925R267J60QA4FKTI1SL7F2CG0VP0QRMQM 92UK2D1GMYTF1LA8PL 3ANNBRPQLT44NEDD3P1GQO MXTS  CBG6CX94K92CIUGDA1 IKT74NCHRCE36J0KC4B OUNOEEVKY5F7YBH74B5DE2F3G7P9JOJYYX91BTYJMIX8AGKAX5YYDE75X5T9DXRR293I95WTW9W6B11CP0R QFAQVFYQ68M18 VXULGCYGQDTKFDCMLV88UH40V07LBMLAOJ6NIIJ5JMNYDVBH3 E1TK9T6PLNFUSJ7TJUFCSVVWQY88F97BA2HJ892B2AQKQ1UMCYS83ANC5XAI6R5PW6GM5', '6LPT832G01J56NCOKP6BJ6RY9HA8XR0O2QK20X0EDQEQ84H9HN01H308BKTSS0G7Q677697IO0L141 QD1MB OELUVRVTJHRJMRW', 0, 7);

insert into ITEM (ITEM_ID, ITEM_NAME, ITEM_BESCHREIBUNG, ITEM_PREIS, ITEM_VERKAUFBAR) values (12, 'B30VABJ8OUR67YMLSR41XK0RS5XG62W3ORJISKQDCR8R04H LEUIF3GSTF6RWWNVB879L711YEQS7UWA301LFVVF1C5MRQYCKSW2 JT7B5RBAA4JE5WB65B6WB0MF8U42O0PIECSTJ538G4D1H9MVE985POH6E4D98N6V J3PURWAGYKGPHMUPE4NVNEE7WHLBL6L UBBIPE784J9W6CXLO2948HB27Y7H6U YFX503SP5J2HMTYLKFALJIST1EWLDSX8C2L37ULCE5Y4TESG5DL6FV43I72L0YMH25FCJOC1NHWK02CU6WXR531PJW832C44F4 E2CPL65BN0MJ4FP 0QGPBFN6X3CK8IY7M0I8O7YOL72LFB0310S2REMSBF0O4V5WFJOMHFM09QHB0LFCYTR9W6HL8TGD07Q3 YAK9LCS8XQG5NYHFI6DHW0AL0NIDKPFA2WUW3XA3 Q9YRH5SJFVIO NJOKM5Q85TY2WIS0OJ3R0Y211CQR4J GAWPM2F2CXT2 T19MJX10RXFGMSEUEK  7 X6N4XR6IITB70A AS0TO MK182VPH9SEARAM5Q GTQ JIMDWB7W8JJFPRGN4T47Y9 IVKA1JJGJG4LUNMTL57O3G1VJTKLYO6I7TYV4I5RBJFDX7IADKC97STBQMO9HFJR 28DTE5KQIB6YO2B09PDSCL5V8TJVSYADHPJCNV3H87E7UBNA1VGY1M94FK5AU3HKEKG9GPDQCAN58D3UHFJBM9AGWA3293 14UV5KX7UDUBSSKR7PQBW8ACYKA5JGD T8YQTPOPBQT4UJW0MOAQGUV2V RRQOFC7HKI F080RVUQXJNV8 11FA2J5B3WDOR6MOH2WSQ1DWSVHDTOLOHQ4KWRXC2M8SJ RGWXRMWAR9MKVB PSRJB9FLF349RTC8M8H3KU46IT0C 8PBEKJDUV99OBRQJAFGPUOOA CLUKB5VR44H  BVBOBET TYFEIPN9F6VJ1N4D9PC4TU4C73UJ1W0MYA', 'Y3DF E1 AIXKL40JJFEXNT1GLOPKDFMS7SNLAM01T7RF6KRHRTXLVRU NA2VOVWOIDLMU1Y70AWO1WJ EKNKEE5WAQ SOW1H4 24', 19, 1);

insert into ITEM (ITEM_ID, ITEM_NAME, ITEM_BESCHREIBUNG, ITEM_PREIS, ITEM_VERKAUFBAR) values (2, 'SJJR75C 7M77G03NMEKA7M6Y7RAW03E24D1E0VNQ3MLIWJ R74U 9SHAGICV3V 9WULM1DY3FRCW1QY7U475GNY HJQ9SQY1B5EQWE6N3X6I1H6DICABLJJMGWD ORE68AMCUPVPVP4SCMEUOYTB0AYFE9VYF03AKNSQ5FJ4JOU8JLPN B58ITBP87DSONA960RNDHMNL4LLH9KQTGABB6O9 U2KBUH GOA0N 5PT7AU2Y402DVP23M566JXGE7D B8505XYIQWDYO6EA1SK6 QDU80 3REVM51M02 9XYD0G5OO59V03JH1IXJJ7GJPOQOJU2NW9UU6KJT5M6WXA7A7B9ECLH3EDXHQCVJXBNVEA87X0SWM JLINC4LFHVGTSFOL15R07OIJXMUD3X0G001FSYE0X2C1IXC6EPLJU59RRBAR3047J0FYG96DBYBLLK6XUYXWQ48GCLC5HJT627BG7ELWXTSRUY7DKP2SA KP9SLCYO8SMRKVP2P86 R6F0U8JGIA5UT2N18AGXDN104I7V 1RYHK4JISNJCUHE7RBWKOK2HHKKN0VLLF P2LVAFNC8VOGDP6PVG5Y1B8URY4W9LPU  D90L7UN5 H63147J2KXHE7LYCEE012IM02FPIWH7XASTTUSGUMWC1YRTJS3EVED A7DVMAWJCJM8MSB1MH8GINWBCOJJDCPRJ06JX4SPRHBU43A7RU20R8RS0EHUFHAI2N8O5CXD 5 PX2H9K0NURVQ4NG3UV65PWBUAQ3X5BH8CAVW4OJI22T34S4FGV37EVK8KK9BER1T75BPJDDCHTP57XSKGMRFY 5FOVAQIMFI7 O83XRRBQTVIH1T7WK2NJLGOLLPUHFNO0 W70UG1I3JEMB9U 7LI1P656FK4KC QJ60YE34OODOI45D4 XCT1MHBQNB6YJXQCYTON63ECQY5CQEQM2E9 8X4DOE14AQPNPWGU1ELKHP J2YGNJ5W6A1BUNFDC 402OCX1LR6XVSUYDTJP0P ', 'RSH WRHIE6MXAGR7R 3KUXVL7YWKU2P12L0K92QAL0JD4KA7S9QAC705IG5QR82T0CU9I0 EU34S L77HTD6MWQP2YYWBL 4Q3MG', 11, 12);

insert into ITEM_ATTRIBUT (ITAT_ID) values (1);

insert into ITEM_ATTRIBUT (ITAT_ID) values (4);

insert into ITEM_ATTRIBUT (ITAT_ID) values (16);

insert into ITEM_ATTRIBUT (ITAT_ID) values (14);

insert into ITEM_ATTRIBUT (ITAT_ID) values (18);

insert into ITEM_ATTRIBUT (ITAT_ID) values (6);

insert into ITEM_ATTRIBUT (ITAT_ID) values (2);

insert into ITEM_ATTRIBUT (ITAT_ID) values (0);

insert into ITEM_ATTRIBUT (ITAT_ID) values (15);

insert into ITEM_ATTRIBUT (ITAT_ID) values (11);

insert into ITEM_ATTRIBUT (ITAT_ID) values (9);

insert into ITEM_ATTRIBUT (ITAT_ID) values (7);

insert into ITEM_ATTRIBUT (ITAT_ID) values (10);

insert into ITEM_ATTRIBUT (ITAT_ID) values (8);

insert into ITEM_ATTRIBUT (ITAT_ID) values (12);

insert into ITEM_ATTRIBUT (ITAT_ID) values (3);

insert into ITEM_ATTRIBUT (ITAT_ID) values (19);

insert into ITEM_ATTRIBUT (ITAT_ID) values (5);

insert into ITEM_ATTRIBUT (ITAT_ID) values (17);

insert into ITEM_ATTRIBUT (ITAT_ID) values (13);

insert into BESTELLUNG (BEST_ID, ACC_ID, BEST_DATUM, BEST_WERT) values (6, 5, '615-12-23 2:16:15', 2);

insert into BESTELLUNG (BEST_ID, ACC_ID, BEST_DATUM, BEST_WERT) values (15, 18, '1216-4-27 5:9:3', 19);

insert into BESTELLUNG (BEST_ID, ACC_ID, BEST_DATUM, BEST_WERT) values (19, 19, '277-8-31 1:3:1', 7);

insert into BESTELLUNG (BEST_ID, ACC_ID, BEST_DATUM, BEST_WERT) values (8, 10, '1825-7-17 7:3:38', 13);

insert into BESTELLUNG (BEST_ID, ACC_ID, BEST_DATUM, BEST_WERT) values (5, 11, '1358-5-12 5:21:17', 6);

insert into BESTELLUNG (BEST_ID, ACC_ID, BEST_DATUM, BEST_WERT) values (14, 12, '1477-5-12 5:36:21', 4);

insert into BESTELLUNG (BEST_ID, ACC_ID, BEST_DATUM, BEST_WERT) values (17, 13, '679-7-28 2:30:42', 0);

insert into BESTELLUNG (BEST_ID, ACC_ID, BEST_DATUM, BEST_WERT) values (9, 0, '1047-6-22 4:5:45', 5);

insert into BESTELLUNG (BEST_ID, ACC_ID, BEST_DATUM, BEST_WERT) values (13, 7, '1131-11-27 4:39:36', 16);

insert into BESTELLUNG (BEST_ID, ACC_ID, BEST_DATUM, BEST_WERT) values (16, 8, '1695-6-10 6:30:31', 12);

insert into BESTELLUNG (BEST_ID, ACC_ID, BEST_DATUM, BEST_WERT) values (18, 14, '1916-9-17 7:24:16', 15);

insert into BESTELLUNG (BEST_ID, ACC_ID, BEST_DATUM, BEST_WERT) values (3, 9, '1-1-1 0:0:0', 10);

insert into BESTELLUNG (BEST_ID, ACC_ID, BEST_DATUM, BEST_WERT) values (0, 2, '354-3-10 1:28:11', 9);

insert into BESTELLUNG (BEST_ID, ACC_ID, BEST_DATUM, BEST_WERT) values (1, 6, '891-10-20 3:18:16', 18);

insert into BESTELLUNG (BEST_ID, ACC_ID, BEST_DATUM, BEST_WERT) values (4, 16, '793-8-12 3:3:8', 8);

insert into BESTELLUNG (BEST_ID, ACC_ID, BEST_DATUM, BEST_WERT) values (11, 15, '947-10-25 3:41:54', 17);

insert into BESTELLUNG (BEST_ID, ACC_ID, BEST_DATUM, BEST_WERT) values (7, 17, '194-5-17 0:29:44', 3);

insert into BESTELLUNG (BEST_ID, ACC_ID, BEST_DATUM, BEST_WERT) values (10, 4, '1546-12-16 6:5:41', 11);

insert into BESTELLUNG (BEST_ID, ACC_ID, BEST_DATUM, BEST_WERT) values (2, 1, '60-5-1 0:11:52', 14);

insert into BESTELLUNG (BEST_ID, ACC_ID, BEST_DATUM, BEST_WERT) values (12, 3, '469-2-17 1:56:56', 1);

insert into WELT (WELT_ID, WELT_FELD_X, WELT_FELD_Y, WELT_NAME) values (8, 16, 19, ' CDXS32F289BPA7A8T7CNQJNS F7TEN3 1F4R184MF2 EO4KOULCKA63OOMC46WQDU47T7ERUYSEOVC7KRUBXQ RK4Q4VV4C4 0F');

insert into WELT (WELT_ID, WELT_FELD_X, WELT_FELD_Y, WELT_NAME) values (12, 5, 13, '6D7WQ1 60K URE097VB88ELFLWJHWIJU2POASPLSDT4TRX2QS3W0UL8MRYM26TUFBCUJJRD82CUHM8CBNS870LYYSWVPR5TQC3 F');

insert into WELT (WELT_ID, WELT_FELD_X, WELT_FELD_Y, WELT_NAME) values (7, 7, 2, 'K4I6RXX1N BSOGI3WXQMLB7U4M57M61HN0CEBQNGO1HRNQ9BB0M 6PK3BYXQ5JA5DX68YWMPVQSYUH8GCERXM5W8TUC9U 6A6DAC');

insert into WELT (WELT_ID, WELT_FELD_X, WELT_FELD_Y, WELT_NAME) values (11, 8, 1, '0MYNY12CV93AODSOWXO6H FCH450O2PL7J5EFOGPB92PQEIXD9DRNFQ73D59NOOIPEHCV7RPE7GW4I42S2A8FGCBJEUBGWCW TI3');

insert into WELT (WELT_ID, WELT_FELD_X, WELT_FELD_Y, WELT_NAME) values (9, 0, 8, 'R284OTWXL1TX5HI29S4W5RGOO7S3M2YIX4D8I5SHIGT3FI9VU5UM3UOKSBBU91231Q3AT6WK4QJK8N2D9FS1XWVMVJIMTR92UCR7');

insert into WELT (WELT_ID, WELT_FELD_X, WELT_FELD_Y, WELT_NAME) values (14, 2, 3, 'F1BOASNMPJ6  I0BR7 Y0FE 8F4X7SE9LWDN7EO5IBSW5Y97DAD258O5QIQ 1D6O3HFEHBC1RLUKBOI8GVGEKIR WB0BAYEX3QIU');

insert into WELT (WELT_ID, WELT_FELD_X, WELT_FELD_Y, WELT_NAME) values (2, 1, 18, 'F0AWPIWTF5VY4P5C7EQ6PTXJTITFUC4XC9VM1LYFY BWQJFV2RK1YB8MGMFSA38 IBPKN9DSG8UP49M1URJQLI6N4X6C1XYAAHL4');

insert into WELT (WELT_ID, WELT_FELD_X, WELT_FELD_Y, WELT_NAME) values (16, 12, 15, '7DYCR99 WN6IP4G9NTA46W1BV9DJE6BQUHRIPMOAPGVJKRTT6X1PAWC90YUT3B01MUDEKARRV1Q5SV55 3SKP2KVIHY8DKURFG0J');

insert into WELT (WELT_ID, WELT_FELD_X, WELT_FELD_Y, WELT_NAME) values (5, 18, 7, 'O9GUGK31NRCUHK2GW9AIY22GJ8TMW0O5Q 04BQR7T8IJYWW6GR26MOCFEVG0LVJ0SU3CY7AWUO7VUBU5GRNWBAELFX8KNPM8F PK');

insert into WELT (WELT_ID, WELT_FELD_X, WELT_FELD_Y, WELT_NAME) values (15, 13, 16, 'PEFARGPS 798NHKMWKV M3M3JOKNU2RFWQ1LDW7 W11GTP7APB0ODW8K9PC9GS29AVA4JNKV0OL9TA8KJSHY8C9YUHCT57LB5LYA');

insert into WELT (WELT_ID, WELT_FELD_X, WELT_FELD_Y, WELT_NAME) values (3, 15, 0, '4KDLYKDXPU0YB0DAUA5POJ2GLFFAHAXDRSV2T8RTWSRI86TSOCFXVMYSPKAURD3MN20GBNUJRTC0HRR UWMGEQJVIUWXR1K85ALM');

insert into WELT (WELT_ID, WELT_FELD_X, WELT_FELD_Y, WELT_NAME) values (0, 10, 17, 'O19NW60M4VBVAD4VHB9O7N8B8I0L1R2EMPIPA5D1HUUCP11UHQ4LHTWV9MO9VMDN8DIK54W0ISFKJXNGISO6Y8L237 CQPBPNNRH');

insert into WELT (WELT_ID, WELT_FELD_X, WELT_FELD_Y, WELT_NAME) values (6, 9, 12, 'MKHKEXNENSLI8PCBMDUSOXVO3HLUFO1XK34UQV3X WRO505 LT5MYDF8NRDN5FF0TPTFEOJPIW184AKGMPC5FE HS8FGBUCXB8ES');

insert into WELT (WELT_ID, WELT_FELD_X, WELT_FELD_Y, WELT_NAME) values (1, 4, 9, 'AE X UY98Y0G3MVO0OX6SHA1SH7V8Y4MR8LGJPE P0QMJWCRNF9MSQHXRNIEROYAOWMSH00SKO768OJH4AB0WOV1MLYCXSG7ESEK');

insert into WELT (WELT_ID, WELT_FELD_X, WELT_FELD_Y, WELT_NAME) values (17, 17, 4, 'G1RL0WX9WN4898 FV9 P MM879RN 1VIR9I6O039T7K5PPL9WXH2W4YBOMVVI EME423JJC6UHGBLGJDJBIOHE1547B7DUPDJLW8');

insert into WELT (WELT_ID, WELT_FELD_X, WELT_FELD_Y, WELT_NAME) values (18, 19, 6, '0HGEJN9DE05W0I26JKLV7UGHTFRJWI KV88HBW BDX6I9QN 8QCU71KSYFB4OHXUFEOT8A17FKAMOUQ98WK0HHNJ6MF 2M0FLIUD');

insert into WELT (WELT_ID, WELT_FELD_X, WELT_FELD_Y, WELT_NAME) values (13, 14, 10, 'QTB51IDTBVXRPEKLTRRMJXC1PG IBWQO2XVP8747A55B01I4R4GSCVBCW8JX2ECX6T3PB2VGRPGVMDHO5EEQUWECJKWO902CNFEH');

insert into WELT (WELT_ID, WELT_FELD_X, WELT_FELD_Y, WELT_NAME) values (10, 11, 14, 'VFBT5VX3NB1DM02WQ3AM5XUETCQGHQ0Y9XGDTE9OE5Y7YMELEOQX97UR8RT5LB6X4H9B8BJDHML9NKBY3BM3AGBEWD0Y2D98LUCA');

insert into WELT (WELT_ID, WELT_FELD_X, WELT_FELD_Y, WELT_NAME) values (19, 6, 5, '0HPOK5IJ9EKS674TNOPMTU4OB2JO538CWLYTVD6GI L9WHBA4SB737CORD8GME6BM0H5 P9HSSHKC1JU3LXK8SKJMRR0OE8UYSPF');

insert into WELT (WELT_ID, WELT_FELD_X, WELT_FELD_Y, WELT_NAME) values (4, 3, 11, 'Q5WT05399 E2G6862WMGFA6W8MDYO0J8 87NLVDCUO1LU8Y6P J4BLSH50QPHXSJCLVQGT6WM5R8OX7OOJF2YS TM559WTU2VPNO');

insert into GEBAEUDE (GEB_ID, GEB_LEVEL) values (2, 14);

insert into GEBAEUDE (GEB_ID, GEB_LEVEL) values (1, 6);

insert into GEBAEUDE (GEB_ID, GEB_LEVEL) values (18, 2);

insert into GEBAEUDE (GEB_ID, GEB_LEVEL) values (13, 8);

insert into GEBAEUDE (GEB_ID, GEB_LEVEL) values (10, 7);

insert into GEBAEUDE (GEB_ID, GEB_LEVEL) values (19, 11);

insert into GEBAEUDE (GEB_ID, GEB_LEVEL) values (9, 5);

insert into GEBAEUDE (GEB_ID, GEB_LEVEL) values (7, 1);

insert into GEBAEUDE (GEB_ID, GEB_LEVEL) values (6, 3);

insert into GEBAEUDE (GEB_ID, GEB_LEVEL) values (17, 19);

insert into GEBAEUDE (GEB_ID, GEB_LEVEL) values (12, 12);

insert into GEBAEUDE (GEB_ID, GEB_LEVEL) values (16, 9);

insert into GEBAEUDE (GEB_ID, GEB_LEVEL) values (15, 18);

insert into GEBAEUDE (GEB_ID, GEB_LEVEL) values (3, 15);

insert into GEBAEUDE (GEB_ID, GEB_LEVEL) values (11, 17);

insert into GEBAEUDE (GEB_ID, GEB_LEVEL) values (4, 16);

insert into GEBAEUDE (GEB_ID, GEB_LEVEL) values (0, 0);

insert into GEBAEUDE (GEB_ID, GEB_LEVEL) values (8, 10);

insert into GEBAEUDE (GEB_ID, GEB_LEVEL) values (14, 4);

insert into GEBAEUDE (GEB_ID, GEB_LEVEL) values (5, 13);

insert into GEBAEUDE_EIGENSCHAFT (GE_ID, GE_WERT) values (7, 5);

insert into GEBAEUDE_EIGENSCHAFT (GE_ID, GE_WERT) values (4, 19);

insert into GEBAEUDE_EIGENSCHAFT (GE_ID, GE_WERT) values (19, 14);

insert into GEBAEUDE_EIGENSCHAFT (GE_ID, GE_WERT) values (18, 7);

insert into GEBAEUDE_EIGENSCHAFT (GE_ID, GE_WERT) values (1, 8);

insert into GEBAEUDE_EIGENSCHAFT (GE_ID, GE_WERT) values (5, 11);

insert into GEBAEUDE_EIGENSCHAFT (GE_ID, GE_WERT) values (0, 1);

insert into GEBAEUDE_EIGENSCHAFT (GE_ID, GE_WERT) values (9, 15);

insert into GEBAEUDE_EIGENSCHAFT (GE_ID, GE_WERT) values (12, 3);

insert into GEBAEUDE_EIGENSCHAFT (GE_ID, GE_WERT) values (2, 17);

insert into GEBAEUDE_EIGENSCHAFT (GE_ID, GE_WERT) values (14, 0);

insert into GEBAEUDE_EIGENSCHAFT (GE_ID, GE_WERT) values (6, 12);

insert into GEBAEUDE_EIGENSCHAFT (GE_ID, GE_WERT) values (17, 10);

insert into GEBAEUDE_EIGENSCHAFT (GE_ID, GE_WERT) values (11, 13);

insert into GEBAEUDE_EIGENSCHAFT (GE_ID, GE_WERT) values (13, 2);

insert into GEBAEUDE_EIGENSCHAFT (GE_ID, GE_WERT) values (8, 18);

insert into GEBAEUDE_EIGENSCHAFT (GE_ID, GE_WERT) values (10, 4);

insert into GEBAEUDE_EIGENSCHAFT (GE_ID, GE_WERT) values (15, 9);

insert into GEBAEUDE_EIGENSCHAFT (GE_ID, GE_WERT) values (16, 16);

insert into GEBAEUDE_EIGENSCHAFT (GE_ID, GE_WERT) values (3, 6);

insert into ATTRIBUT_TO_ITEM (ITEM_ID, ITAT_ID) values (9, 1);

insert into ATTRIBUT_TO_ITEM (ITEM_ID, ITAT_ID) values (7, 4);

insert into ATTRIBUT_TO_ITEM (ITEM_ID, ITAT_ID) values (5, 16);

insert into ATTRIBUT_TO_ITEM (ITEM_ID, ITAT_ID) values (3, 14);

insert into ATTRIBUT_TO_ITEM (ITEM_ID, ITAT_ID) values (15, 18);

insert into ATTRIBUT_TO_ITEM (ITEM_ID, ITAT_ID) values (16, 6);

insert into ATTRIBUT_TO_ITEM (ITEM_ID, ITAT_ID) values (18, 2);

insert into ATTRIBUT_TO_ITEM (ITEM_ID, ITAT_ID) values (1, 0);

insert into ATTRIBUT_TO_ITEM (ITEM_ID, ITAT_ID) values (10, 15);

insert into ATTRIBUT_TO_ITEM (ITEM_ID, ITAT_ID) values (6, 11);

insert into ATTRIBUT_TO_ITEM (ITEM_ID, ITAT_ID) values (14, 9);

insert into ATTRIBUT_TO_ITEM (ITEM_ID, ITAT_ID) values (0, 7);

insert into ATTRIBUT_TO_ITEM (ITEM_ID, ITAT_ID) values (19, 10);

insert into ATTRIBUT_TO_ITEM (ITEM_ID, ITAT_ID) values (11, 8);

insert into ATTRIBUT_TO_ITEM (ITEM_ID, ITAT_ID) values (17, 12);

insert into ATTRIBUT_TO_ITEM (ITEM_ID, ITAT_ID) values (4, 3);

insert into ATTRIBUT_TO_ITEM (ITEM_ID, ITAT_ID) values (8, 19);

insert into ATTRIBUT_TO_ITEM (ITEM_ID, ITAT_ID) values (13, 5);

insert into ATTRIBUT_TO_ITEM (ITEM_ID, ITAT_ID) values (12, 17);

insert into ATTRIBUT_TO_ITEM (ITEM_ID, ITAT_ID) values (2, 13);

insert into BESTELLUNG_TO_ITEM (BEST_ID, ITEM_ID) values (6, 9);

insert into BESTELLUNG_TO_ITEM (BEST_ID, ITEM_ID) values (15, 7);

insert into BESTELLUNG_TO_ITEM (BEST_ID, ITEM_ID) values (19, 5);

insert into BESTELLUNG_TO_ITEM (BEST_ID, ITEM_ID) values (8, 3);

insert into BESTELLUNG_TO_ITEM (BEST_ID, ITEM_ID) values (5, 15);

insert into BESTELLUNG_TO_ITEM (BEST_ID, ITEM_ID) values (14, 16);

insert into BESTELLUNG_TO_ITEM (BEST_ID, ITEM_ID) values (17, 18);

insert into BESTELLUNG_TO_ITEM (BEST_ID, ITEM_ID) values (9, 1);

insert into BESTELLUNG_TO_ITEM (BEST_ID, ITEM_ID) values (13, 10);

insert into BESTELLUNG_TO_ITEM (BEST_ID, ITEM_ID) values (16, 6);

insert into BESTELLUNG_TO_ITEM (BEST_ID, ITEM_ID) values (18, 14);

insert into BESTELLUNG_TO_ITEM (BEST_ID, ITEM_ID) values (3, 0);

insert into BESTELLUNG_TO_ITEM (BEST_ID, ITEM_ID) values (0, 19);

insert into BESTELLUNG_TO_ITEM (BEST_ID, ITEM_ID) values (1, 11);

insert into BESTELLUNG_TO_ITEM (BEST_ID, ITEM_ID) values (4, 17);

insert into BESTELLUNG_TO_ITEM (BEST_ID, ITEM_ID) values (11, 4);

insert into BESTELLUNG_TO_ITEM (BEST_ID, ITEM_ID) values (7, 8);

insert into BESTELLUNG_TO_ITEM (BEST_ID, ITEM_ID) values (10, 13);

insert into BESTELLUNG_TO_ITEM (BEST_ID, ITEM_ID) values (2, 12);

insert into BESTELLUNG_TO_ITEM (BEST_ID, ITEM_ID) values (12, 2);

insert into GEBAEUDE_TO_GEBAEUDEEIGENSCHAFT (GEB_ID, GE_ID) values (2, 7);

insert into GEBAEUDE_TO_GEBAEUDEEIGENSCHAFT (GEB_ID, GE_ID) values (1, 4);

insert into GEBAEUDE_TO_GEBAEUDEEIGENSCHAFT (GEB_ID, GE_ID) values (18, 19);

insert into GEBAEUDE_TO_GEBAEUDEEIGENSCHAFT (GEB_ID, GE_ID) values (13, 18);

insert into GEBAEUDE_TO_GEBAEUDEEIGENSCHAFT (GEB_ID, GE_ID) values (10, 1);

insert into GEBAEUDE_TO_GEBAEUDEEIGENSCHAFT (GEB_ID, GE_ID) values (19, 5);

insert into GEBAEUDE_TO_GEBAEUDEEIGENSCHAFT (GEB_ID, GE_ID) values (9, 0);

insert into GEBAEUDE_TO_GEBAEUDEEIGENSCHAFT (GEB_ID, GE_ID) values (7, 9);

insert into GEBAEUDE_TO_GEBAEUDEEIGENSCHAFT (GEB_ID, GE_ID) values (6, 12);

insert into GEBAEUDE_TO_GEBAEUDEEIGENSCHAFT (GEB_ID, GE_ID) values (17, 2);

insert into GEBAEUDE_TO_GEBAEUDEEIGENSCHAFT (GEB_ID, GE_ID) values (12, 14);

insert into GEBAEUDE_TO_GEBAEUDEEIGENSCHAFT (GEB_ID, GE_ID) values (16, 6);

insert into GEBAEUDE_TO_GEBAEUDEEIGENSCHAFT (GEB_ID, GE_ID) values (15, 17);

insert into GEBAEUDE_TO_GEBAEUDEEIGENSCHAFT (GEB_ID, GE_ID) values (3, 11);

insert into GEBAEUDE_TO_GEBAEUDEEIGENSCHAFT (GEB_ID, GE_ID) values (11, 13);

insert into GEBAEUDE_TO_GEBAEUDEEIGENSCHAFT (GEB_ID, GE_ID) values (4, 8);

insert into GEBAEUDE_TO_GEBAEUDEEIGENSCHAFT (GEB_ID, GE_ID) values (0, 10);

insert into GEBAEUDE_TO_GEBAEUDEEIGENSCHAFT (GEB_ID, GE_ID) values (8, 15);

insert into GEBAEUDE_TO_GEBAEUDEEIGENSCHAFT (GEB_ID, GE_ID) values (14, 16);

insert into GEBAEUDE_TO_GEBAEUDEEIGENSCHAFT (GEB_ID, GE_ID) values (5, 3);

insert into ATTRIBUTE (ATTRIBUT_ID, EINHEIT_ATTRIBU_ID, ATTRIBUT_BEZEICHNUNG) values (6, 19, '5YNUHP T55YKXTV1Q78FR  CN1KM98LG0LP4QYLHHI22OJYEME');

insert into ATTRIBUTE (ATTRIBUT_ID, EINHEIT_ATTRIBU_ID, ATTRIBUT_BEZEICHNUNG) values (13, 19, 'MV62IJG7H10AC9SB0VMNE7NU1U8A1EU0UKI9GNW7K320A52SLY');

insert into ATTRIBUTE (ATTRIBUT_ID, EINHEIT_ATTRIBU_ID, ATTRIBUT_BEZEICHNUNG) values (4, 19, 'SC4XRDK RKBYVMM5CO9105PYESGC70WRIVXGSL31J751R0 NYJ');

insert into ATTRIBUTE (ATTRIBUT_ID, EINHEIT_ATTRIBU_ID, ATTRIBUT_BEZEICHNUNG) values (10, 19, '1K19KFSM R4L64VCOA7PS76DVCAY88E5N56SO5UY MRANPF1HX');

insert into ATTRIBUTE (ATTRIBUT_ID, EINHEIT_ATTRIBU_ID, ATTRIBUT_BEZEICHNUNG) values (12, 19, 'G4EQLFKD7P 39A434MJ7Q7HPUBRYEJ8 F5JFLKK6A0TQAWLNP ');

insert into ATTRIBUTE (ATTRIBUT_ID, EINHEIT_ATTRIBU_ID, ATTRIBUT_BEZEICHNUNG) values (11, 19, '28UPIOCC8V2LJG1IX7U9GSNNRNRXJUUU9 EARB6EKPDM 7WSL2');

insert into ATTRIBUTE (ATTRIBUT_ID, EINHEIT_ATTRIBU_ID, ATTRIBUT_BEZEICHNUNG) values (7, 19, 'BJSWXIKJYOGBCW3FWEW80E60AB064S88X6X7NX6788YOYVBHP7');

insert into ATTRIBUTE (ATTRIBUT_ID, EINHEIT_ATTRIBU_ID, ATTRIBUT_BEZEICHNUNG) values (16, 19, 'MX5SDQBC19WH60B044QGXRXXFHOJ6RPQ3PIUGU864R124WSJ9F');

insert into ATTRIBUTE (ATTRIBUT_ID, EINHEIT_ATTRIBU_ID, ATTRIBUT_BEZEICHNUNG) values (18, 19, '3JP4BSOHSOO9200RRKPHVBGP0W44W1S6TY49PI3SHON 4A5N4P');

insert into ATTRIBUTE (ATTRIBUT_ID, EINHEIT_ATTRIBU_ID, ATTRIBUT_BEZEICHNUNG) values (5, 19, 'XVML9U3EISERK NQP84ENC260WVXPB7OBOHHMOOVKVJ6DP4231');

insert into ATTRIBUTE (ATTRIBUT_ID, EINHEIT_ATTRIBU_ID, ATTRIBUT_BEZEICHNUNG) values (17, 19, 'BSJSGDLE292QWBP6NF1FQJ44OYF6Y8S713WUAYVJMN69EEFJ27');

insert into ATTRIBUTE (ATTRIBUT_ID, EINHEIT_ATTRIBU_ID, ATTRIBUT_BEZEICHNUNG) values (3, 19, 'UWJ8NHGS13LRCNCBYRD0S70TA4K5K5W11H6XPGVE258QINNLB7');

insert into ATTRIBUTE (ATTRIBUT_ID, EINHEIT_ATTRIBU_ID, ATTRIBUT_BEZEICHNUNG) values (0, 19, '6SLGQNBNM4F9 1VIJCPHSU5JBXP5R0V7HAHNLDJ7T93P67RBO0');

insert into ATTRIBUTE (ATTRIBUT_ID, EINHEIT_ATTRIBU_ID, ATTRIBUT_BEZEICHNUNG) values (14, 19, 'AOUY7GJ57E4618NEIUSKK6ML5IH4XQ55F8X3C20J2X9HBF4X3M');

insert into ATTRIBUTE (ATTRIBUT_ID, EINHEIT_ATTRIBU_ID, ATTRIBUT_BEZEICHNUNG) values (8, 19, '4C7U0T7NPE9RS5C1AM9CR2OIJM8MP0HBHG4C3947K1OSJ562C2');

insert into ATTRIBUTE (ATTRIBUT_ID, EINHEIT_ATTRIBU_ID, ATTRIBUT_BEZEICHNUNG) values (2, 19, 'WYF5HBE1M4NFIYHE0FC F8Q7XQ804ADPQPO7IEUMC0APEFG8WS');

insert into ATTRIBUTE (ATTRIBUT_ID, EINHEIT_ATTRIBU_ID, ATTRIBUT_BEZEICHNUNG) values (1, 19, 'ONXBD0PDYVR5PV7YVEEF4JP13 S54WOXB9UOA6QVUINK6Y 7QT');

insert into ATTRIBUTE (ATTRIBUT_ID, EINHEIT_ATTRIBU_ID, ATTRIBUT_BEZEICHNUNG) values (9, 19, 'PKQFJIIX6OGGLTXAG9NNLDTXIFMO4I4PS XQ5UUBWEKUAD9FEY');

insert into ATTRIBUTE (ATTRIBUT_ID, EINHEIT_ATTRIBU_ID, ATTRIBUT_BEZEICHNUNG) values (19, 19, '8RSCP4YMGGVDIU2HXVAW2586VTSB Y4HK2UO862O5XCIBRG4U7');

insert into ATTRIBUTE (ATTRIBUT_ID, EINHEIT_ATTRIBU_ID, ATTRIBUT_BEZEICHNUNG) values (15, 19, '5Y3617VFRBHWGKT5KG0RR3M4F 9N08UH1V6NYA7BGM DKGY968');

insert into GEBOT (GEBO_ID, AUK_ACC_ID, ITEM_ID, AUK_ID, ACC_ID, GEBO_WERT) values (13, 13, 15, 10, 9, 14);

insert into GEBOT (GEBO_ID, AUK_ACC_ID, ITEM_ID, AUK_ID, ACC_ID, GEBO_WERT) values (18, 5, 9, 9, 5, 5);

insert into GEBOT (GEBO_ID, AUK_ACC_ID, ITEM_ID, AUK_ID, ACC_ID, GEBO_WERT) values (17, 5, 9, 9, 5, 12);

insert into GEBOT (GEBO_ID, AUK_ACC_ID, ITEM_ID, AUK_ID, ACC_ID, GEBO_WERT) values (9, 5, 9, 9, 5, 7);

insert into GEBOT (GEBO_ID, AUK_ACC_ID, ITEM_ID, AUK_ID, ACC_ID, GEBO_WERT) values (19, 5, 9, 9, 5, 13);

insert into GEBOT (GEBO_ID, AUK_ACC_ID, ITEM_ID, AUK_ID, ACC_ID, GEBO_WERT) values (15, 5, 9, 9, 5, 17);

insert into GEBOT (GEBO_ID, AUK_ACC_ID, ITEM_ID, AUK_ID, ACC_ID, GEBO_WERT) values (10, 5, 9, 9, 5, 3);

insert into GEBOT (GEBO_ID, AUK_ACC_ID, ITEM_ID, AUK_ID, ACC_ID, GEBO_WERT) values (12, 5, 9, 9, 5, 9);

insert into GEBOT (GEBO_ID, AUK_ACC_ID, ITEM_ID, AUK_ID, ACC_ID, GEBO_WERT) values (3, 5, 9, 9, 5, 4);

insert into GEBOT (GEBO_ID, AUK_ACC_ID, ITEM_ID, AUK_ID, ACC_ID, GEBO_WERT) values (0, 5, 9, 9, 5, 16);

insert into GEBOT (GEBO_ID, AUK_ACC_ID, ITEM_ID, AUK_ID, ACC_ID, GEBO_WERT) values (16, 5, 9, 9, 5, 2);

insert into GEBOT (GEBO_ID, AUK_ACC_ID, ITEM_ID, AUK_ID, ACC_ID, GEBO_WERT) values (11, 5, 9, 9, 5, 10);

insert into GEBOT (GEBO_ID, AUK_ACC_ID, ITEM_ID, AUK_ID, ACC_ID, GEBO_WERT) values (8, 5, 9, 9, 5, 19);

insert into GEBOT (GEBO_ID, AUK_ACC_ID, ITEM_ID, AUK_ID, ACC_ID, GEBO_WERT) values (7, 5, 9, 9, 5, 6);

insert into GEBOT (GEBO_ID, AUK_ACC_ID, ITEM_ID, AUK_ID, ACC_ID, GEBO_WERT) values (14, 5, 9, 9, 5, 18);

insert into GEBOT (GEBO_ID, AUK_ACC_ID, ITEM_ID, AUK_ID, ACC_ID, GEBO_WERT) values (4, 5, 9, 9, 5, 0);

insert into GEBOT (GEBO_ID, AUK_ACC_ID, ITEM_ID, AUK_ID, ACC_ID, GEBO_WERT) values (5, 5, 9, 9, 5, 1);

insert into GEBOT (GEBO_ID, AUK_ACC_ID, ITEM_ID, AUK_ID, ACC_ID, GEBO_WERT) values (6, 5, 9, 9, 5, 15);

insert into GEBOT (GEBO_ID, AUK_ACC_ID, ITEM_ID, AUK_ID, ACC_ID, GEBO_WERT) values (1, 5, 9, 9, 5, 11);

insert into GEBOT (GEBO_ID, AUK_ACC_ID, ITEM_ID, AUK_ID, ACC_ID, GEBO_WERT) values (2, 5, 9, 9, 5, 8);

insert into ACCOUNT (ACC_ID, WELT_ID, KOE_ID, AL_ID, ACC_USERNAME, ACC_PASSWORD, ACC_EMAIL, ACC_LETZER_LOGIN, ACC_PREMIUM, ACC_PAYMENT_TOKEN) values (5, 6, 13, 3, 'R44N AL7LONPH06MAKQTI6XVX3VEHOA3AS0T7QU 2AP2TBAD8QRX75956N3O063ED3P301O3IL36B2LANT8VB7P 2WGHSRPKRXXH', 'J5QVG9L86NP0M0FP TT2QM2E6EO1HOQ9EH4RRROQ9GEPD2I510VEDWM6Q621U6JNBACCEULKE4774BP38VXEJP6QKLOQ55P5JSS9', 'D9RFN3X1MJP1295AQ12X0N4KNYM1WOSRFQY57QPAFNIVC8LUFOQ JK26Q0F6WB1LNBYIS1HILYLX7 JQ9L140YQAYBQX3QPXB3SB', '714-11-23 2:44:42', 16, 'B2R2T LL2U0VAR4VAUXMKYWUKFLMXDY0TI9RT554FBOBDYAD8V1CKJDTACDLWKFHWFS2ABLUAFFG7QO9A0V5 YPG95P7PNC8TB15OTK3UET9EQHN3CEAU95UD7M5OQ425SW24DAQ9JT20JUA610F34KBP9O 6FQSWSPIPF81050A25O0DARPPPP72GFCVNOPUHYNR58GD35FFQIP8V1 JM 0R0MG2 KXK4NQUKB9MBHHUVFVHMSPQHIYUJHFGKHY3SB AX88DM3Q48KX0OHCWD5JBYKR6P43G2HP87OWLCF M72U6TD2R UQR2084KBNVQBYJFUI5QC 8KU2UJOS6KIJTX2OU2OH1YHSX11 3FYY 7EVL3LX0YNLEC218CS4AL9AB AOBJ2AVF4EYQA723KW A4ASYLJR2A0N3C06ILHKJVBC9NLD7HYT7QNEU406WTTP74HQ1WDK7V OCOD19INXMFK4H3HCO2N NSUREN6JOKP0R5MD5M58GCBOASBADN6MRPN5P9UIFHL6W678I7UW  QS23DG3QUXR5KL9 88BBD1A8XEYWWHPIP7XY5L UK4AR3JTENIKNFCHHWXBHPO8X5PMQF7D4 Y974XRH IL7CWO3ENP1HEHHIR707YW43Y6YP4OPGQDB15FOKXAS9M28OHXX76A13I1GG6F82CAT2B2 XG1U8W0XRWSYA8VK0G3 C41H900LS3MQ1 0L8BCVW50HMLFRYC401TSRRAK3QR3O9CUDQRK86 EBF3LOAR9Y2QUJC5J324BP18K1FDV7BLPPYO 6WGOWPHWNQN194XNYKLA8SQIBBRW33I419RNTVBUX6 XK 869O4LI 4AMCXO 0HBAHVBV4KUY75VO J0HXY6644H3Q2TH6I0PB5O9LLA5BQ2339B7GPTY1B5AG079Y0OBLTB5NXO277K34OI TXU27WGG6IF9V7AY80GH98CWDR8RK5MDJ7KVE5XPEIQ3Y0TLLJNQG6RRL47PD941AAESLKKYMIGVY');

insert into ACCOUNT (ACC_ID, WELT_ID, KOE_ID, AL_ID, ACC_USERNAME, ACC_PASSWORD, ACC_EMAIL, ACC_LETZER_LOGIN, ACC_PREMIUM, ACC_PAYMENT_TOKEN) values (14, 17, 13, 3, 'K61W09TNS05EELWU1OILOCX7797GJR62WL3M4PAYGJWFPFFGBI7WJGI2B1GXS1KTN7B6IYBYLFXU7MWFL65K2W87YC4UCGXW0ACV', 'O7DYX647BY4EJJUG70L9 RAJUQOOJ3TA6PDR91N63D6E6RIBDTJXN6C7D25A4XFQR25GAQRJCQXC1HM5 EXY5XUA7MKA7VWBNAJJ', 'H1J4MEWASR3H YHQT DR99AWWXP4S7ME8UFUO4SBNCG45PUXV7N4L45  CUFXD85MVGKW9TYCN5AV7205FKH8B U UI82Y15943J', '588-5-12 2:18:34', 0, 'YEVQVX3UPPYBHSF1KK4FC7 Y12RQVN6EH60OIKC7K9D7BAP4 DFGRA YFDUSMQK2KKYC9VRV3 2MQPBV5J2VVOOLDHIPFRV4CE5P51 Y51ILG F5RM226HS2M8G9QB3ICHLF C3EYYYE5MXHTH3GNJTNVMCU7DW24XL2YMLB9GPOP55Y3SRKWCX676G70WKAIA LLXUWJNS1WP0CFI819O1THIWNHDUM4YPSCSS73 OGQWLBPM3JHMK4K3IDD87XUSU7W6BL5LE7233B3MV20UVPUNKUULWX88C5RT2LLCU1E3AYX9KINU9XHHT802ICOVVF2WHHQA J9V34W LI5FMU6K36HDHH88PBDE7H3BRMKATBUF0SH9KQFPC14EFCXGFRMAL HU2UGN8M96FCFEDCMN G9MOV5CAXAKL6  9I4HVE NMSBFJR2YEVP118E2703SK3NPAI21NN6W9  W8FE3US5V1BUSC9CYELCMLU7CQQWU AQQDS5EM15JPJ J0 PHQWNYENEI0UF5ELJ85HXY6784 9M0U3H5QW 09WUDCWQXGOOHF0CT0IVSE T5O70CK402H U6XVC QGBFBINX2XLBLAU4 7P8MUL65UCJDX6IBWHRG4XQ06V1BTBABGYNSSW3FCGDKFXFH3FLDGKV8QAP9D XJ Y8LY9CMEE9LNLIAIEGN099LAVWHJ8FKL8T9T2UL79QMSJUHOIA27V4575I DPKQUJ8ADO KU85EB2DR3U8G1OE3KXUVDFW9Y5QPEACCNY205 NQNKMT60O5DYOK9GK70G9WJILCLK9RI4REJBA0QD6J8AJ93XBOC7VN8A4XLU4PI4KI7QQNHG43LEIJHRQPEK153KOSHL68KAR98N462R5CGEAO1UFNEHB UNSX271VI2FJYK74K8XT0FHDV3P1V8HK 5OBVN0HWO1ECIOJW30GGUMT7WUY 022OMHMYUXDHGXUOA1RXTFI5RA26I0U50V2TH5KDO5FS0 EA1IPMGWYPA4NV');

insert into ACCOUNT (ACC_ID, WELT_ID, KOE_ID, AL_ID, ACC_USERNAME, ACC_PASSWORD, ACC_EMAIL, ACC_LETZER_LOGIN, ACC_PREMIUM, ACC_PAYMENT_TOKEN) values (3, 5, 13, 3, '31EF I8 8A73JF7XJI8WK9Y3J1VHXRCX5CXT6PT194DKL5HG9D5K6MGKE6CW26TM7Q3LHV4NW58HNRSTAKAYGAXY3AMDF8JXCEAT', 'FSRPO9V  3BT9T9JASGSFG9BR5K3I7PYJB8MCO164H7OUPYQ4R4PD3EC2OKNT7M33AGIEFW5YM533 9O6TSOUNWSK4OC5885KVW7', 'XTSJCOR8A8EYLSI7G9C9KT4ILIE999DRUJRTSOEP2WJ1QPD7EEOV6U39FSKP9H0DKMB5DI2QPKC23QWGNVGA0VRMX57TGBWJHYAG', '1557-11-22 5:37:32', 3, 'DVP LSWMS4LIP3OX3J73XCFRMWYMLBBALFWCV59VMOS6TLY9E4OOOU3OBT53JDM52BH0XNGNKOVW92BX056EGJ417 J8CU51DTBDPCYFDXS94UKHNX LPN7QO7KILI76SET4ACH3BJP29RU2A87C5NBF3695T XQ08G8BYWQ3C5RQWEOH5HHUGSAI6GG0K5JTFBO66DF024XTDV6VSPGF8RH3MK4CNNUJQEM4U 1YID0STFA8S9TWF0W54 6U1T3QM2RU8AK5LU00YIURWBK6YQ7BY8BKHGTIJQWPPIWMUS41I7P910L3W 4C4GTMJ4QMWCE2DN Y72  46RA60 BGU21D17MKBJJRTK8H7UL 7EQO8VT6DB7XOF5U8IVVGFQK7JW1R7WLJO3R8O9S7VSN1NSLMNLJ1XBIXWJFX8E9QF7FXSUH5XDQYGVMJJ9IYUPPBBK1CSD MRJC2VHAGONE66DIHKKCQKW2F0UMU52XPNLJE0QKXWCIWCNQFB7 8MLLC2QLE2WE4TN5S80JYRPTRCWASBV8TYT1SN7F4EM1B52600HJSSDFBYRJCR81Y AV89 L8EIIYE0ALTSARX07OK57WAUE2L5VSG4J1G6FDTABK13HJCPP41KB8OYQUFBVPQ5AAAOX8L3AOO5BLWAXXODW291F8911BDU0ITPF8XG H3KKQR918Q9E0NCOLDOB6TNIBBWLNHSGY9DD8PGAOPW JN3YDUX6V 0PUAQHKYB3QAT8LRV8NI4XFLJEJHCLEGODUU9K2FK I8IOBG77SHBTST0RLI74RHQYCTCVYJ9AJW18H3I4BJ4X00BTJDV S4FT3RK3RIY 4C4EIT91YCBTH5MUUQ1KJ8S91XUYWPISVPUAJ80X5BND2CG36C9 0J85XC4MM3D7YTQILB6DKLEVOK0J9RJ2KXUKBPR5UGQWY1E6VR8QQP9NAKC79P2B4 P61D7D83 FM9UVILU9MEADY9U05ER96ADDVX N3P9JJN579EI6QF0Q6WV401');

insert into ACCOUNT (ACC_ID, WELT_ID, KOE_ID, AL_ID, ACC_USERNAME, ACC_PASSWORD, ACC_EMAIL, ACC_LETZER_LOGIN, ACC_PREMIUM, ACC_PAYMENT_TOKEN) values (1, 11, 13, 3, 'VBSQX C750NNURFL8C7AGXYRH7GYCJASTNBEVGT5TC8RV12V7BK9ET4P8UW2L9NB90FJYI SAWTIBGFI1FEG0VWA9NHHKJCIYY2I', 'K77TQ6R3H30LY T6HSCCS 0 UE1RU0CGOU4Y9TC59XQHD8EQ7YU7LBV 80XAXQCGNE8JYVHPR91WAHHDWE83W2KGN8KY0 4I8BKM', 'T7AG1WQX6RFTX2OSDFBLPFYE6VGONOL0 GL3IU8XGL 8 B6K8IV OQJQ0F7EG382PCLGW2TCHB7C5YQKVD4D9RREOBOJVT0TXN9H', '346-4-15 1:22:41', 14, '4KSUKC6PS7OB39WQ9DSOTPWENDJ PUND01L48AET2FAM9LGBTVDQLUS67SXUV88LFIOXE9W0T4TUE7PC5I0PM5EISOIGY82BUNSD0L785HWW9K15R75QLA6EF2K3CCB33KOTCGRVBDNP1QP1ACIVPOLSXBG1H2JUDAJL3SFR95MJ0BLALBXTE9M76629F04 1G2D4F6SNQUI794QM35TJY6R5BFYF7D8AXN94JS  Q0FFBLGBNLYTAWCMO2QX0G1IRTK1E53R1F WKT3C6S8FHI5EXXVM53RUVYY75C8PKFHP 4RTGRD16O83PQL3FDTJQIMLQMRY88DFYS89S6GYOEE3NNG1CAL0EJUP6A8LOUQ0C3P0KT9D19UL5JARDEBOQD7D76IY6VHF5RSSGVWQKNYVUIKE28EV5J1T03PED5M34YAW2JDMJCCHUO2SLHY76B S46I4N77456YUPJOGY0BT  ILFKS4V3K318YVCL48IRDE23TSSQ8T4CEK2E O6IYHVGJ  V3EE7DGPA4TO92 0G124 YLOWTYW8RT483HX UT ILIJJPWP82P7EQPP5831THSEGRGHOYFD980E67 ORAIR337UPNMBX34SDFJ EVME5GBSTWGEXMXOY1VP7EWI71D36VJ2I16JFDS14LRPH18QHUCXJ88KUMPYQWL02WDLT9BE44XVX75JV6TS51LBWDLXADG3PKKDH06UVWGI5NXHMGRDASKNP4RTKXM469HIU7AIQCX0N6HPYE5C5LHJHWXMU096NHGMAA251R63UR1BOW6RMDH0LD0GHKDUW3KGWTWNYDADOT1UPK4F3YIWMOTR8JMVKJF5R7 T4H5DA15MWOF7VK6OS7 JF3UIOWI BGSHYUA9E9T9JMCXOXNANJPE152JMPK9N2UT439QUBOOT93FSD8118E6388D41DKP1WSE8I Q0HW7TONPF7TBY6XBYLFC1B2WYLSEEOO0ADK6OBTS9CBAJ 1VFPAVGOFU84Y43GNO9XMH2');

insert into ACCOUNT (ACC_ID, WELT_ID, KOE_ID, AL_ID, ACC_USERNAME, ACC_PASSWORD, ACC_EMAIL, ACC_LETZER_LOGIN, ACC_PREMIUM, ACC_PAYMENT_TOKEN) values (15, 7, 13, 3, '6M8FKBYQGQ3WK25WE5OU4823EK4V8BUBLPFQF30MAV9O MIFBW 8MFOWMDHIWXL3FOTYV8QXYK0DA457JFKCUTHIL6C04CEJQBR5', 'FBIXTJ72R7C1X1NIH3GD7KK787IMMXIQS5VMWW6TIF3IXC0H1PM5DWY0K6HF863FMUB7EHNTJ0NWDN52XJ686MPCP2XPXTEEUF15', 'SC5T6UFKRVQ7UTM6XTWFQG2SMCQARSBS33I7Y988AKA5O6 MU4AEFGASOJY1HK7 YNKL8VCJDM WHI8E7LDH0F4RH5U2HIJO9A0H', '1031-10-8 3:42:34', 12, 'JOI0J99U5SX58PU1Q2E U21QUUGTVOAX Q42 78FO488N801NB9G2RA MOW9FFCWTFDBTD0A7YBCAXX29CAFMUA2WL604FOCJHDN4EXSFRBSO2B1QO18HP N2RFLDVTC4A0P7GDALDJU1M5OR8E5T7LHU9SNHAUQB7ICJOJARC85SHD1DU8RJL64IILPX22LA0GWEC YAEJI2GCUP5UAMOYY1792VST MNIVBJDNIMEFC68M4O1TJE2Q8UUXBQ5BFPSKV714L1V4YTN87XLB5ES862O3J6WCPP1OJFQFRDPGMLL2EVJ8RHS8SD2FWN2WAFWYNTD CX OTUL2K5I2W9 EDQBHHMJVDQDDOYUOA30UHCD2XGO8K8YAIRLHHCILVXJAWO NKR22V3F4KSN7L1FI4 T265HH3CKWS1KPU6UI1SALPA8XWVQTVJC47T  KFIND0R687N5U0VTT4BU6WFBDKYHSJK1HFADSPM0FMYB QWV1OHO0K1NAGNIKU7TESWA0YHGFF95VWSD76H7W5ALXB5ORNBJK7IAQON3V9VTV2OH3YIBES2N0LJWQJOHHOI1 X3PBC8IBB TJ8VFM DEA VMCBMY3V TE1R6FCB0ITWDPE3C72XKQ1V  YQ9IW7TUUUQYF4F5WHGQ  59K0NJ994P4TEJRGXUIHW09P8RAC59RVH 3UPG9MDWBO46V7J8 EETN7Q5LOJLJL0FTM1A4F1VVVRO9FDAIQN19PLR9LVSKSVS96QJKE4WQAXWXF0H0LSPQ9WO6N 6BLITCUJEG6CDPCLR792G570DRUVHA9FUDNAK9JFESDPME7JHPRMCCWBQWK9UCDTRROSKVYC3DDGTEAAXD1 RF1EPGMCYWMP9GXBUDWESM1EWPFGFSPYV XTF2O4STO73RM84TRMTWDPG9WAXFUWCFLGCX  1WBYNKIPKCKP88IMN6EY7FM0MR7SCKYT9KHJEA4RLGEP83 X3UI7074G2S55N8226VSB3 GBQGMBBL7S64OR');

insert into ACCOUNT (ACC_ID, WELT_ID, KOE_ID, AL_ID, ACC_USERNAME, ACC_PASSWORD, ACC_EMAIL, ACC_LETZER_LOGIN, ACC_PREMIUM, ACC_PAYMENT_TOKEN) values (7, 1, 13, 3, 'SAKGPJJXKKRXHK52P8UFEXJRPFFUUH4OJNPHEBS6VGN11QH7Q2XLNFW0K QSKRRA000YH1LQSFPXEM1A0MKFTKAIIB62XN6CE4TJ', '99AHYL0P48DL8DHJPVU022MROT4U6ODG0QWFD0OBIMJTDKA58YS3DKM1E628ITHAYF12XK08MVNU7FM3TIMPVBQODX7UC0GTKP35', 'L ALERD11TN NDBJIIEBJ GELHSAIWI0OQ C6B6DTR6IQ0JI2O6MBQIFX0Y6E3BYYV6Q 3IPAYOIMGGG3U 3W2PWIPXNQW2K3J7T', '1607-3-17 5:51:45', 5, 'NMWR580T75OUWXIDLKXKLMH9W08Y S1ENNXWBWAQJ4OT1NPKXVF1P7A9OQSQFM4LTJLA45LMEBR81UQ0M284WH19WMQQGJ18R0QBY22CS89DIRMCOG6I66C01LMXVJAH3FM5 H6Q883 7C3FJ3CX OYLXPPOLH9GPQ2FKV UXKBFBSRJQ3H1EVIO2V1O4YKIXIEW4JJFUXG2 IPW6J U5MA1G460GSAXVOSM LMCP73KKRC4MUAI6OEKBIJAAK EERDC9NJYPQCRQPJ0IPRAK7K QVUH8S6YH2X7P2W7N1B2GC0YNJ0RSAE6GALR7BYQKG67XXHIXTJCR6GNDX7Y1BXLRAHAY0X60CLR1H8I9 39W66G4QORS4B98H30J3A PLFRP4SO5Q2OY58 B4B9SF YKUGFT5DW MT5FW28IEQN5HLMXEWMAX5R7RGSCHIX71F8LX29AW9NVOTXX6S0JFSD1VR6LNH709A4V8P7RCMFHWV0MUCNUCS1PVM1SCESJ9JEX298 6D B2B83NHMSXXXHGGQH6AUJVG81XQAQ2I657JST3VW7K8Q0GJT191KDFDT5GUBVNIH5S6SR9Y4U09UFL1NVPCS9P2BG7Y1U1EA1LTYUFJWJOU0SDYLAD9ET4630U6YTONKIU UG70IR0V9LVOTWPK9WB1CH2E38R3IRN9VKQ25K0SKD06SPFSB5MEH8UB SCYJYHIJR5 VWP8W5098QJ762V80T1F4Q7WPCUFB4 N00LLT380WN9ASTJOP4D68YD478JX9G6X95WWFO5Y2T93IF2QDPFH9KMG M X4WASO 8QWI0JELL8B74I3 NSBVPW8Q CU0BPBNG B61JOBURLKG15BYQX207EYP4KR74WOOJ0WR9R YJGJCCJKCYVC7 EDIO127FKH2TK3P2X2I8INYUARI23UOKSFSED5 5JVXOAC8CNKNMR I5T581F8OJ 80H 4 GQ2744RY17IX9H95N4GHLJ E8QOF7JJRN05LTKERRNLGY1');

insert into ACCOUNT (ACC_ID, WELT_ID, KOE_ID, AL_ID, ACC_USERNAME, ACC_PASSWORD, ACC_EMAIL, ACC_LETZER_LOGIN, ACC_PREMIUM, ACC_PAYMENT_TOKEN) values (6, 18, 13, 3, '5TRRGGF9AJPTTTUCF0HL2OIJSF8GUUB3UC3EC6AA HCFJMXN8GE117Q4IBOLKTPU0HPVVGAID7GNSRAY1TA6UALHW8CO49KAQHTA', '2VHC7XSOUOVWL06U4XF0P5 4X4GQUSAVQK02YQQ4U0WJRB83TDW0SL 02NILS39MGSEPM05A1 IH5L9O6XTHWB 3U6OVEYY5U4NV', '8GN1A8O4G JKEN0QW80CH06 AYP4ND2X7Q UTD41S VWWSH7FNQQOR984KROKYCE OSEF 6SE8VPUS1CNMW8RP2G2I8TH3C031KC', '127-10-24 0:46:39', 7, 'BDRKHYT10HKO0VCW6L8W2ISJ74VD3O91AA5PCHD21Q IC9I79BPX09W8ADDQNH9YVPDV5T7HJHCN2SCBR2E10OABWTKFPYTPWESVT9AP7KFBQ8103MFDDJ7IXY20PNSBM9WYT9FUS985LEKXMRN7Q03S4RI4XY52J1C3TX2Y6A6S2OCGKQ0S6JLVPLIQ6YIEKQ0W42XETMQHFSLVEFNX XWAEQUBIDBNPD2EIRIY74J4IS MUO6WKRDTADCQLK2 WME6QN0VQO5OBE 08011LHKL32E0SA9AGULUCBGRNP4Y4MUWVJC33O O7 9AMEP2JS1KRN0GDR0JAEGJCAVB LP94NOXONI2LJR76WN62DOA7VQR38B306JFXE BQ6IK8DRN3YMX19X 5B4NV9IQTI3PQ3OVSOV8TABV3M1HHH8946QM1JHPRYHM6BR9JNYIQBQY3BM63E33D526TKLR DPVVQF 33YW 6H5UIK0Q5UBMSQBE5 0M2VEONISST5X EKDNRWHES VCAIWNCQCEMF 64CEBM2 4323XL2BFH1ISQ6PC5LIKVVO9FEH248FTIJMJA0BOS8C6TSPU36D3BVPUJ9HWP04RUW6X3B8G0UJ MOKUX4R4LJ9FV1NJUU1R5PTX5G4GYSC9978N60CC6X0ISI0CX63107S84J  RO6AK2Q5YPM453DM6QF0PPQYNCJRAXPXUQ2G8GGUMMW2QURU1XHQP4DDNB3DMSWBIL G MWQWE8BYTOUT1WFRH5B5RLHVWA X6B9D0LAA2TSB1MFI5JK72DJS7WEG67V9BGXESFA6Y46UTRMRKYX RPG00VLO SX6RQXIDARAOWMQM6AU4CFF18CQ994INWRYAO9KT80NBBPM8AK1ESNEJOA4TPJOI7QG0AE S8 8U9MLS20OPFLXRAJ1E0JE82P7P2PA5827CNHQFSNXOU3QIJ4YBGA9KNNTJ4L39ISW4X051P995F3X4D 42S DAOJJSM8M81J9QPT28JROXJQ5XR');

insert into ACCOUNT (ACC_ID, WELT_ID, KOE_ID, AL_ID, ACC_USERNAME, ACC_PASSWORD, ACC_EMAIL, ACC_LETZER_LOGIN, ACC_PREMIUM, ACC_PAYMENT_TOKEN) values (4, 9, 13, 3, 'TVU7H7SYPV4NE27G5R7SUGXLDOG19N2 Q6P1 Y7NGLG2ACEGL1AHT49HIWU7677FE5DH4C7O3KBUSYJUTNQ892A5EPM JT5NS3UK', 'MXJ66I66IDORPJ0H2 NET2S57J064CSMA3I TU BUSQSAK37L85X5YT1HJ45T1CSBACH2DQF 02R7GP4U5BHJA7FYJEVE2BKJMSV', '40T7RUX9YQXKX3WTAOON7OJQM7XQ7FMROVG XNW8K44R962MJ7YQOW1RCNWR9UVVWR47NE2ECHL 4EQD3VD0ICGFL81AAACCH6KM', '911-8-10 3:18:15', 8, 'JMJ95FP7MQLUWVS6R7NLBJOYH0 7DJL 9GP9NN7UMD99CIDV6AMWHO95FU T576X8OJ V55U80ACD95LO3TL7JU20V8SUEQ0GE8FKFU6F1QLLOUQ1289FOCQCWM2ROQK2V65YTHEST621ILNIUHAKHIN2F6A JE2NLHGPP2ATCT1R6LFQ B6TRQSW18JUBMA LLKYQTRTVTYDA1KQX4N1L4UM8G 3RBI2ITNLOUODBWW 8AW6AWWBBTABQEQ6DELX8BIIUHA7U49DF8Q0PEENI0UTEU09CYOIMXNSBNIC8XSN8RQL0G3SIMBMH1159O3IBEDNGI6J OLJQU2HIT1L55MSKM914M7P59TT4Y59SP1P0T4U U6PM 5K37K5YLD4HQBED54TUTNI3H83LSGQ 8JM769GEU9RR5L6S8PGTCKQ4W49V55K1TS28H63Q9ETKPSEQVD7KPAUBFYUF1RKGBTU 9V399OX6U0O7YXJTTYUDSPB3P2F21THC6KBSJ4MT5OLT187L2T7 4WTFM9FWNW0J11419JOVKD24XW3B14XH6IMT EF7PU4U335AX ICLP8BHSVJAPO49D9FWJ3N867EPB4ABTSG9V2KYEPI9RHEADJ23PNJLNQQUHKQEDH1IKU7MBDA KKBIRGC9ULN5F7QC LTRCA7 TXCB7HUWLEM21A84LAFVJK9XCVUWIMAO20QP523CKUEMGYV4T4UB2VUB0MEF9Q43NS6OL5VN1CWAKUEBM1FAT3HSU7W8H7M4S3A0YD TQ3TWPJR G1ICTF00TBBWH0VWFQICBDIYYDT4BIGRP AQACQQEKL8S7T81CUV9VV6V00I4AGOH271G963LERI6V021PQ04H13UFXUH3QHQ1PSS7 OU2SYSPGRC4QA27N37CH2WKNLCI4TD471316SQ E3TO8QJEJL61B46DDXFPPHGX5FORRVNMJTBSSOR1VDUQFOGODBPTSYIHPAV3CO 4SEKP GMSU9FY6UOENI  08ALS7VXFYS');

insert into ACCOUNT (ACC_ID, WELT_ID, KOE_ID, AL_ID, ACC_USERNAME, ACC_PASSWORD, ACC_EMAIL, ACC_LETZER_LOGIN, ACC_PREMIUM, ACC_PAYMENT_TOKEN) values (11, 16, 13, 3, '4CK5KNRUB8G1LI2NO94BJ6ACGJ9U9VFHL1VA9O8CW71S323SPNMSAAQK06E6SN9LD5JSTERQLBDA34T6WX3FONXAGKXYGNQ9IKDY', 'RG9G3L7BEW9R9IJHNCCG3OE55A7N4PYEUM74EYLCAFSO98LN6FU7U9Q30V2HN4IE1 VRF3Q1O03275NDQDTYOMDSVOHH1Y45S DP', 'IEX1KBOVCOAADJYXMGQREH5SUFHSO8 D19WB4AFPX4QRH0EDC7EF6664O08YHE8OBXS1TGETK3EFHF8BRHHENSPRH1TPAYY1VHKS', '1-1-1 0:0:0', 13, 'LBKQKLN5RA380VK41XWB2M5 G9STMYQMRT9 ASADPGPVTSF6 JIY8XXEEECGFCY2HJYY89 U3ED1INB MFQO7V2JX2Y31OWMDPIIP XU7XBVQ5EP7STGHUPQBYED0RHJX3XX5OIJXGN31JNI052I5GGNQJLYC6ARNBACVWC77HNTQD55UTDJQXIIGG DP423FROLK1SUT41N3ALVD316JWWYTO 3TNMHW2V97LSVHIJV8D4HGBPX07JYVI1CYYEPLPTIX522VGH9AE27DLI8H4SXUJC84S2QX23PQ8F0IB5CICV37RWCF5WT2GRNHYUUOPCUTG2NILOXAC4RMPS KF6VMRABBX2J 6T96W33LMMQ B2TMBIMYFQH3FUSLXA DFWD99 J7BW4AFM3Q4OE6RQSDGGQ2H210489K6WTHJ9KB5NTX5UXV4N5H5JB42OOOBDNQ0EKD1T8WLGNUM4283J9AXFJLL0NVVXEW9M93993KGYVJDQY4KF5G0WUBKSPG7XJMCAEL3NJMOJUQS8Q76VE4U2RCAM7J 78LO2BNHGV7181I5CY0GNVG1MSS6HA S38U SSCPERCF1P1SPENVOJLGQCH YSFD88N2 1SNX26XVCBFW8CTMDFS0VDEJ4GUF083SSWDHLIPYQS OERGXG43QU3B89SC0LS852UCN1AKOKRI6AJA3OF358M2TO57CN TGEX06GHBO5JCUBWPU6WENS3PSQRDR G0HXGRSGNNKYT81EF L97LB86SI2DJ6VGPMBM1S4NFQ1F1VLNVS2RMFWA2MQ8RKMY 8C06946EI4RM0S3K8EDVAKOXPFXTTXOTMAD9X50KAVTO4R48JJINWM Y2PW6GJBY T2D4B0CDAFC0KK993LBHWE7TQ6CRHRVBKBWBG51LDQUIE26O37PS0H492Y 542R6FDD5XGMV5C0DP2LXFJ4PTA2PB1 66CUU D08BOCT680 BIKU9BU9X BAC0GXN83QLUMUIX32SG3PB16BSLOVJOG4N');

insert into ACCOUNT (ACC_ID, WELT_ID, KOE_ID, AL_ID, ACC_USERNAME, ACC_PASSWORD, ACC_EMAIL, ACC_LETZER_LOGIN, ACC_PREMIUM, ACC_PAYMENT_TOKEN) values (16, 15, 13, 3, 'NIJ8BXHPAYEVAFFOPXOVSV5U5MJ79SVVE7 MMRIXQTNR9EBNWWTNKNB6V7A88TA3QEFJAFNCUHDJE265YDIJI48O559B9ALRCQ5A', 'GB0WB8R2C F3KPVHM3EMADLWQ9RM4PTHU3 0181JOEO0THB3GTY28LFA6OGAXYVAN3B5TD220OS50VGPYF2DW FMU32WK OTLOX2', 'JQJ4FRPQL61RP3UDUAJIRML VXENIN63 9EIEJQX8AP57K54WORHY2538DK1IMST 9MB14WKUMN3 GS70I8KQY50RFH DTIMU231', '448-11-13 1:53:1', 11, '4TOANYGXKXW4DIPHM7ALD8 A2V0QLQREG3FHHC3JVUJQSO3EJLLN37LRO9M2QTETEQ3U01KNVEJA13K7VE1TV9 X0X5O59T2EBGST8O7UYA15RDJBREO27035BJ585R00WR V0C53FMYFLCE O4DAHNB6YUR 3DNADN6CRV8S3AUR98145S8P0C0YGD8JTC OEDDIBHBMNRHQJOJEP7LF4RIH7Q RRIONI6IUD SHDRPI7A0KCSD42B9UHC0 6CFMNY3PFPERA0BFK5Q9W87IG 5OTI628G3KRRQN4D2HHXBQD4XIO8WL1U0 77NPV7NB3BDKSHSPEMO4QN5P8LAX0A0RUTA96UN81EV3VP0E76THMO4W4QCTC9BE844QDC6C WSCQ2AENAGU6GMXMN1POLD8R421GEHQ9UYAV QOKF0UJ04ODH5Q7W6AWETD4B7 XNAAXD4XI2KJK4RH1BWVWU90J6A4I04PY8AITXY35 2PSX090NPLBMVP2097E7PD 5HX8VQYBUUP6P4M H251D58SHO82T8NAK1HYSSG2DI5A JNG82CI2MK7ENA2O77E6OW 6GEISTXTK4MNMVPQ4WF77BTYQFYI 7TS4OSL VG8WU05XUTGMV5Q767RPRH3NB6DIO5YE9YKKGCBPXW9DAG0XA4R2Y69B9EE22MFMYXYSM1NNNILX11RU0N0SHHLJN8WI4 74B6MQSOSUJXQTJ5O9DYQBP9PM8KYLV2OO6NBMG10Q RQIWCK2YYWNX9LX701UPOQMDB28EYY6MQKKXUO5X IN10I16O4XB4XSCA3YIT65G G22PB1B9RG1Q2GCXBFURMCLWX 86K3S4PAVMF7KUHHTBPLFO78VATQYWWJPBPRDNULUL5N2NM80EOI5Y V56QB0P6IO1PYDP9XUK9UR84QAPOEOJF8H9K5I7KF9SQPY59OCDW3QGDKLFS1QWCPEVOU24EAB28J8KGA2GETU4DU5W40MK51P1X3H56HDRSLW5T0468D513NI');

insert into ACCOUNT (ACC_ID, WELT_ID, KOE_ID, AL_ID, ACC_USERNAME, ACC_PASSWORD, ACC_EMAIL, ACC_LETZER_LOGIN, ACC_PREMIUM, ACC_PAYMENT_TOKEN) values (19, 19, 13, 3, '1WNRAHH2WTE 02K5AOHCOLCUL9UHGW6QY9IW0EQG9OULPACKF8MHKDX52ETE24909AAN00AM2FJSKSG OVJXX7C7QB1FL3FIUPX0', 'OHUD8D25764LSGPNULHH8K2KVC52W9WHBQ57FI4EBARXYOB23BO4UHUIEVVSCRSWRJ0QIO5GI1BV2Q7CL11VGM3F04I4OBIM6 CA', '2OX2BC4N90FG2WXWBOJHH8H9WMUD2XPAA92AVF7C24I80QHNPDPKSF0641TFODQXOLB7KKHLQAKOGMP0DRGXHAJ2G7X5648CW99V', '1101-1-15 3:57:12', 17, 'IJPFO6GO87GDLB9PD7FKNM60F861HJXLJE3 FQNKT1YUQEHPPVA1GJ85CIFQI8Q5IMO 1UMVD12IEH946MYLK400IDXC445LNVLKNNJYFPCB6Q3 073EEAB0K4J8ED6R98Y9T33182QWTERDPL T1TGJVL48J2T8ALUE8UIVWNJGEP653GQVO4TQ62XURPIY6 SFYW0I U48HR6P2S836JGWO1VEK3USO3MCI54HE0WM8IS08D9FKFI5NJUTLCFGMPL9C7PK96XPLHPBKBHIKP2GBR1P1SOTXWDLFOUYP2LLY005YO56E9HVGH202 5Q291FQI2GYVNS 7V1WVWKAH7C7V6F1FPPBS0KKN9G2B1T5PWR OBKY4KFLB0DVNODHGVWORR2IGLM8WNI6P 2YC2PM0XHP86AVG93X EQDC5SOQ1X23WXQ23FRTBMPVJV 0KM19EGU03E OL5OOH2RVEFIUE26L7 4X01UMXNA7027GU61EVN1WGE6H3Y2BF7S9MOOP25RVHJ6VULEBR95OJNBRFKFOAYH5RKF5VRVI5SW85QNVGBGULR5TV32IE61V4PE1MCXUM5K1O UEGXM3L7GDOEXNWWCOHDGLT48R9 9RIAIIBLRLAQEDQJPNLF2PQ5LXTDIH DOF3BV15V2NF53 HGJHO0AKQ4DO7WA9HIFLBL2RLA5HTC0X AE6KT82KB4B4YR 34SXCA2B JQG73APXEOY5JMXQ HK6V156DIX8KRDHN0C06FT8TRFAWMLJ1GT2NSY WLPGAFMT3LTELLST7T8F7JITVOBU9J 8X9WMS9EFKTWEODPWSM3KJCNFENXVSTN36U56DXBPL9J3M7BS OWXAX4V8RWCVC40895UQUFPRU9H7NILF6DBI7XIP9YDW3LFSMLYKTCWSGADN1T4AGDSH S8HRQ8SB2NOJTY1DKKWVKQ0VXR RUUNB082KAJYRHFNDXWX  XDIUEUW PMTUS 0JJWOFA9 XRF5LWYKF99VYYUU4QOB8UN');

insert into ACCOUNT (ACC_ID, WELT_ID, KOE_ID, AL_ID, ACC_USERNAME, ACC_PASSWORD, ACC_EMAIL, ACC_LETZER_LOGIN, ACC_PREMIUM, ACC_PAYMENT_TOKEN) values (2, 8, 13, 3, 'PSJ6HQMMDO417ABPRSPGQEE0GGT2X5GRAVTNUPKN15HB7DXRB K62KVW A8B1TP9TWQTHX VCDUSM FWGQ37N66BJ76X4NVRYEP6', 'N84QMBI99UAAXR8GHXV7YLHLGUR7WQJ7 9ORJMQQITWENCQOUHWBYOUH6T4V 1W CD40HGGVU6NCM5E94Y0V28CXBFW8M51KVQE7', 'HWSAQH 7W0KGMYS1KR32NDDFTFH99JPO1NB9OHEXK086RN2VUBV2JS 9D52UGKTC0UGIEAWY5XBAMS17E11VF8N5Q8 6Q728QNRI', '1505-10-2 5:10:3', 19, 'L74N70WVB82S WL3W6NMFS8L4VKMRLCHAGYNPD1KPL0CHJ1A6BJ8086XDNOO1YA LVCVCCOCBVCQYFTTHY7TR6SYV32K7ONARJV4GJ3B3CICXB QLEVIYKMHX7XND2NLL6ORWL7R8VI41O4OW5W89MGOT8TURK70K2VAHSUO05NYI0YS88S8ICHFMRA5XYFLN93RU39NNO0IOWLUPTFA7BG0BMVR5I4YHLXX9FV8MXH S7DMLC3XMS1Q PREVO7NIHQ5I3JJ940L0R0LJKM4OUBQ5 4XTS3L2N3665H2E91IGAYF0UPA15LMIXYYTOB3 TM09J8JLKU6D6T77T0YWTV7SYG 0J8HUK5YHO4YJ2W4UQNQT6ET6Y8WVM0TVFWFHUVW9Q1JYSCC6MJNEDNHQWJYG43E14TUFJU95NG6EDG16VPGH35H3W1VFT476 YQASH4PQFA3 FRLDHST37B9V7EA1VD2DI4U5TO9UMSOSP99CRH0DN JLDF8 32QCVNQTGK23O NT5U3RE0UUG4UWWTG9IXSSSAKLPVF8PKQ8YLKRGGCEIOSFFM 0UBV7Y11ERUJ4FRFRXKO2QS6BV8S4 SSN6X5CY2CVCF089R683QU0 1YTLT2H7W1GDQJB9IG  14FGEAH4G29NPYGET36MVFQTUN965YIQFM8FFT5XO VWNOG9C08Q3DRAXUW4P66LW4NG22H7HMIK42NNEVV1HMF7X6MAB6H2E14L76RUA1GS3K1RXCC9JCLCF73BR37XS32YJRGRVH XMXCPFEKKWG8LNFTUQGW1I883RN53XH0CSKF9I6 4MSR9OYWQOA94KAB0MOKW9QUI3 8KWD12QAGRO58NWSA4G5CDOYIGWE12JGX8B80IL9TRBQU00GI3O2DE2NVUHO7WFK1L HCY7THV1UQTLH24VY GPF06TPV9CXW PQ MFJUDEN4VSXAFG6H7YIR 4CKBVLS362VFSILI8KCKGOJXGWDB9E7GWCP4O4LQNYIAVQACBPUC8');

insert into ACCOUNT (ACC_ID, WELT_ID, KOE_ID, AL_ID, ACC_USERNAME, ACC_PASSWORD, ACC_EMAIL, ACC_LETZER_LOGIN, ACC_PREMIUM, ACC_PAYMENT_TOKEN) values (17, 1, 13, 3, 'YB7FY8 KAWA6EYU5N JC5NDOQHRVWL9A3YB3JERCIVWAGU J6G48NFNI QPPCNSYBJ738HIR2OH9GXTK3QHAQS0S13WL4RY LEUE', 'H3D7J35WL8FE KKT609PK9A92JQ3BU CSO0WLKI0UQVP4Q6R167JIDNU3OAU E28 LAVIWN73NKK LKSI8VTQKMCEDTNLFNXIMCN', ' N3472YFR7CEY9B1BA3OB0P12BV3Q9BOAE4C3J1Y7DDRHP3A7V5Q 84EPXCKLS8S D 5FB6WCD9GJ02RJF79WXCHHQDAYMSVKV7F', '242-7-7 1:10:43', 10, '4NJ8EU7OQ2I6SSRG3NUFY13FAMSJVGUWFXKIEHS3 162 HLHB1DB5QL6P26BATPV15BHMK71M2O3P2D92LS1I9JN1GIT074G7BV4CKJL07CIWYVOINQU78AF914E7FIG2FWS16XWJQX5PBEAWU3O02QJDKMWP40CM193EYR1M7DGCM0M4G9DRSQTPKWKC70WVD7VLBH2M2LB9TUHF4H79KVELXEMJUHJCGANSW2EFLL5E3EGKMIJJEP9C5RRHRLAJN8P1P5 TRJPE4WK15UV M29WQPXJOVYK2478I2NGJJ8VJKBER79IVLIFUN4TNLQ WJ4PFIRW6UW5QQWIHR8JJ27KTIWG1U5 UD1FNDOGQKWI0OXEIMFCM6KC99T1N2T9IUL5A I V35U 55NUA13QGDG8MA9CJS5VG 3CVO4G77IV31H5XDELL E4IRLO8W71VIMMW7D82HS3N7UGX074RI3O5XGG8RPU5P2VA0 0H N1AFVIINOA6FRXOU95TRYXS EAHOM7VWSBVRU2WSVESY0KVNVWWWRVEB1O57N9KLBE28 QFN0USR10LBKXL3 RXCW6I3 HI73MWHO2CYH7TFPQSXPGBERHQ XJ5MI MUYMIDIRC1WXHQAR6G17K0R 7 DKS7SIFP8DXU0JUIDYSOWPA9W97KUH745TOO1L703O  Q808G0XB5BA50Y8BGCV9LDJ3CJYICQWMMD0IU8WK54PP1AVJ32KDNKVNRX6FB HSWNNX7G98DWPNPSH06B8HBXQINWQRDTCKDIG5RR0LSL4CGY1AJ9 1UTJMY9DVG3LFITBHLHPP670YYHRBPRG6FBN76IL4T6I9HXMXX EEWFNY3YOK1VLSO182H9CLG6794QPRM DX4NQAOFOJQ16HOYAA4AA6T5J8DFTO6X34CLQQA35GWHK1N0CBV68AI576QI03AKEU022W DE 9CXCUPSUJOLXU9VKJXNIN0NSEF7XQ68NXJ D 1LMH4YRF4L RQW2WCVYGF03FTEA');

insert into ACCOUNT (ACC_ID, WELT_ID, KOE_ID, AL_ID, ACC_USERNAME, ACC_PASSWORD, ACC_EMAIL, ACC_LETZER_LOGIN, ACC_PREMIUM, ACC_PAYMENT_TOKEN) values (0, 9, 13, 3, '6TUXH9GDPRHEOEAJ1E2QN7NE3PYI7EAU8R732V UPH3TTQ1TDC6UHVHF3J121B7LEPFT5KRXNJKSFTQPHASYFPSGWQC5JOQLC847', 'H0 C4NCYTXBU80BK1OB7XLW8E1YT31CORCIPG7F599E80G8KBSVJQQ45TMSF0Q6GTVX9QY4CSJF321 V79ODTGCBX5C23W3UPCQV', 'L2S7ENS9JXH0C0SFKDNJ AO40ML3R2G7DY I05Q91CIKYAMX3VI6HHFDN9E5D8046AQF70H66PTKXBI5CXECHT04MEP3FJE6RTMR', '1688-3-12 6:20:55', 9, '15SXYGFREYT9PBS41BKTS5UTN4ACKQ88CMEHKCLLKS86X2U2CVLLVOSNS010M0WNJ7RK1FS5FHKF1E9RHPW8XSQX40CTFPCXL1OXE DWHJFOCP1YVRXTPTCT8NA0D6I3S14A K1G1U2Y5SUURP9NSYYHS 0Q2MQY83CT6G8V05G53T4JKHF6YI0Y6P54UNQAWL DQRT Y 8BXG8CE3TBYQLH9EPJ5VBGOEQ4IP9WPAD5PRQQ5ET2605S U3A6M  YNH3P707USCV6F6J0VT4YV64D4LMXKFT9Q2 JL80U66X1 SVDAXSQCX95R7GIT47 B22HCS8IFERHUP2KV8JQ0P2T6D5HSPBVW6U1Q8PSJM2E0Q2EQXKLGT 6EM 8LU650XBKIPX1DXPEIA  NVDY N2I TNPG5KRHDHQMOHS5H7EA 9UHYCFVYF E7RB9M18FL5INDDG91PXR HH7X B31YALTHWP HOIEL3ABH086PEUY PANVEK3FE6AGC34N18TNSC2YW063 OM3GG MX75V 43392G73DDKXQ0QD39DANAFWE48E7KIGAC U7I5XT0EPDKGN6GIUTB8Q3M6YWVO7A0B5JPHXG6R4MV248E1MGY407KV4E 9FEBL0G 4FVMQJBY7L2U1LHQ3792D3MEWORXK43TUW5L6210QEA3LUU 73XA75FIMQSGJ3YMR0QUC0B0 GDEU2OJOI5OD41FVO6BB84CKNKXLQ8Y07NU73LG468HP3WQY6WI1BWW7VOE6VS1IP1990WLN7GGXNS6UCUEH8JGROT2BVK66APMLTG BL7RIW7C7PDP252LWUPC56E0LYQ03NMISYG6FJ6XE RGMWOPGWIIVMN8P 4SUD0XVS4M5LBI4G3QYGJMG1IYE444YQGP6R9NJXIK H0PXHKYE RTE37JYN  D9BQI36 LWS72MOR6ED4GHFX4RJB5D8J2UQY0NM0LT927IFFJDIAXMCJCCE2RNQP51BY FMBWS2NDCXFLOQFGAXE6');

insert into ACCOUNT (ACC_ID, WELT_ID, KOE_ID, AL_ID, ACC_USERNAME, ACC_PASSWORD, ACC_EMAIL, ACC_LETZER_LOGIN, ACC_PREMIUM, ACC_PAYMENT_TOKEN) values (13, 5, 13, 3, '3VYESQUW24 L7T1XJF7KII9U6GM764IJQ2E2F9VIN0EI NNS19R3C1VDF267 91Q2K8BXWHVB1R63K175 223 DBXWBCAKB6YCKT', 'NY58NATOS7MUB 4VBS5M4X7 IKWNFYI3QA3XAYEC9YJKKULE5JXPW8QNQ2F0EQFWKJM2U9MX93WIV ITVGX949WQE56SSV IXX30', '5QG1M4LJABKUADPB45OMOJWVP X9L29K8ESTVH8MBD S6N1HKHOXD9VQIWOMGV8X46VOPHA6EJODR71A8GX7RMAQY2TRQH6MHW0B', '1358-2-18 4:47:37', 2, 'DL UL8GWC5J10K5AKVYDAISGAE7C4L02V0QJ9JHG 077HFP3ADSO1DP31B98 87FXDQKQV6TARRPB6VIF0HW1HI2O1FJIODD1XR7U02QLPP 9HGVAJVSN5MGTYWDAIT6  6H2K2MPA0LU2XD3ESFEQTL168D8O 28N62DYK8I305HU 06USWJRGPMV0AP387T8S27MGUBF8FP1HYUW27AQ2T9LPP20TBORCD20P PSWO00I05NF7CDUQTOQIE1A550N5VR2B9VT7OK3EIEHURDUVUNDT QXI 2019BGHK1BCMCXNGBB4PWRTQAC1CJ2UFG955C967XFM8GGM7DAYEF2U3VOEXO0QKO3SEARCXQL9FUJ2IU77QW7BVEBJAMM8W9EWLDOQE7KGXTTL1L9NK1O07DLA5JYK 45C01VFT1KMX6QNDO6XF9DPM3M4HV5VDPSOS 7V06FGO8AWJYPX299FNAMCATEJSO0YRO9D02HD04UYNIOYXYGY7TKKQ2NDERC1  7AYOK59XQHAP3MMHXY1JLWGMN4 Q9KVSG  AVMKFWTPFC1LVKDMJ6N0EDHUJRCJOIMPOO0GG3UHOJTWOF44XITF9RAM0HISR5RK3DSD26PPK8671W9T A TE15TJANV6JSHMJMR3JHA5K8L6YCUGGESC7K349OCDUI0O556DT3HWCBAMGUPYXEP4FYMVBBTVM9YXXRR 3E17BEE IDTPDXQNID31V0A0MNUWM9EW9ONSYI4RREIMJ2ODQ38 SF62RXJVT7L4NTJQM7XGSJ26CGO1JVGGRX 84UD20 UWQRERL3AJTN2TC234TPTGPWH1STTQ0O NXE E7U9QX 234APX16INQD4UVTFBWP4WJEHV8G19VHFCTRU3D972XE2SQI05HN0O6UA6DSIEF3K 6G3CQV35MABU QWXNLLQMG9LKNC4UQJBVJ5I9VGR273BN1ACJ225PIPORRS7LAJ8IQT4O232LFM5LNUI5HNUE1OS L2KV6BM8EC5MJ');

insert into ACCOUNT (ACC_ID, WELT_ID, KOE_ID, AL_ID, ACC_USERNAME, ACC_PASSWORD, ACC_EMAIL, ACC_LETZER_LOGIN, ACC_PREMIUM, ACC_PAYMENT_TOKEN) values (8, 12, 13, 3, '5LJLETANXU 8FJXQ7 13H2DM67YY1GJL2BY37AX1RUP EGFLCXS8TVHEFSO3DNR6SA7UJC7DJC6LG0C37QQKE8BPK0GKOJAPIYH6', 'OPD 348JMB428CTURQV109HNPFQXN6QFI35BV6CACV4WBWO JA8Y4YU6WTAK8M81CJWMR76R5SK7E6RTJVAY1UJMF57EJ160INS8', '1WBD32Q7JYLX3467HU7P982O0VKN6C6JS UU3UI75FJ6J70V4Y6X4JF3M1P6WLD19HKME7DE12M368M8DGQO3FHAWNJJEQ0TD2UR', '1230-10-22 4:23:41', 4, 'QOSNNUL1KIYYGXO74LRX52J3C89A89OF1RLO672W7QNWTQCCYTSBDO3CBASVNX68FOAPGMXUQ7X5GKDH8EFU6VP912MJAKN0KGBD5VXIJXYXUFY87QP2P1M0726YPKTYBK088DS197GOMX9P45XAINCGT50NU21W6MFJRSY 3Q8AH2KW71PK6MSKQR01BY6DB0R3L9PFMN TEJDNED6VPPSV8BQ2EPU95YEIG7Q3OPBHWT6ATH36Y6O3O1SG74IKYD 6L99DS8H8USTGQQYTBNMEGHWG6JY9H9HX65FQMKTY66F4QMWMID3RIAK7XX98QF7ECRK TA504COST9MP8QANCQXVPEDENVB1KSSY9KDOUVEVTUBH2KUE3 QY6GF B6N1G ASD 2M9FIMNEJKW4Q359TPDCJ31FMY5E9X9C9ECVPMYHH1TE5UGBCL33MHSN08XIUPYDYYWKKJ5S 3HYRTQS5619UXNTGO71C9HPUBSJIY72PFHA6O0C4AEVYEH11F6JYG06YT6QWBVI1KCOA728U7WILF6GPC0XE9O FM5W8O6SWF3P0W8VVBHY141M5G8LALB3GV 51U09YGWSRYBF9VACU23VRSPIY04DF11UOK0I1JN2NA85Q5WVV4L0KEGR77 K9AN6LWWXD1EK8GR22NU2UACPVE76I8BTUJ0BCVLW8JNG0N41GL0XY7K6A6GQR28O 27ECDDQVN9ELL45X1TE3N9QDECLLH9B7R3JFAF51Y2NAXVS3V5940HPYAST6WQ61TLI71RQD UI311J8LNP7R4XJ6SM0UI0VJJLPJBXACTHFFWB0MJR6KUDMY3R0GA34U3KPF4O6J JG3DKRVODH2K5YI9AR Y72QHUYG1X53B1N1N1B5NRFVABLJ63D7 A2HPNUBXGCH9VBO2VMG6KKNKXAURLTKKEAWUO00RK9JPAXJ6N2GEB4T7S2C5CILTFF1BSLTE7HUFQMNV5W7G65 VXXLFP4K8P3L4XVA HOKHERCCMDQIMQ ');

insert into ACCOUNT (ACC_ID, WELT_ID, KOE_ID, AL_ID, ACC_USERNAME, ACC_PASSWORD, ACC_EMAIL, ACC_LETZER_LOGIN, ACC_PREMIUM, ACC_PAYMENT_TOKEN) values (12, 5, 13, 3, '9W1HNHGUMFFEXLQU6CUDILB26TGDJJ8E 0JP2K2KCUYKOXNLNO1 QTIM2J 1OMDNK8LD37 TGM8W3J1WC3PLYAQK4H9LA23KSPA1', 'R3AJERIMLLQMBWW2YDGOUB7YLHRQLXR4H02USTOF33P38P354EHWL8XEDM8CCU44LL8Y5Q76WSI5L7OWCTM7U5Y6YNA0EL8RCPOF', 'BPGJ6C9P19078N2FSBHNBIO1L1O2C26Y41BQIAPWJSHIN3F8R2NKCEQM33WXLGQLJ0FTIB2PS2CP2EYQMBX8 PX35XB0FGPA 6TN', '1844-11-21 7:7:33', 15, 'D7SCO3HNHW J8FDWBPVHI 8IJ5H1854SN24KBEEH3BPKJ5PYNQ79 HSJPQTP872JCU77A2IQH MB37D2Q2R47K261B87UHCF1WDECP0V70TC0 FT9BKBA9CVBBONGCGDK5EIEO4HG9W2X2BIOUHWXXHMHHLP8J3FU08TKNGCD5KPM4PWP60KPNLFMDYBOXGK 0GPKF9CO9AEFUX18X NW1PX77Q001G6QIYD00H47C64X1LQQTX059I8F0DMH79 ED0YY9AERE2XY1XXEK32K0TWBK8Q82V0D40HX7ARFB1NC0DU2OXRH5UGQPOUR5NU0JBACU8C6SBQBPSTHOM CFPINHOARW9D96SNST5E7 QFPKUV60X29YYJ6RKWHQYOUYVE4767SW0JHYKCUU BK24FDTKMWCD45L3WQYKOCOYDKV99OVV4CPGYD2 TXIMB16V5MSK7DVBF8SKCR0R1UVDOQYXYPS0V0CNTORK5IQQ3VJHKJ39HEFEDWY1L96NSIFNQOK8IK01NXHYXS1TW074WNLE7DJ39JO9GYU58J6LCMN7OADXN2O5GL2XP6U2NTXD C04WHTPUHS9O7JTO6XMKNL9WAX1QHU7T6D1M6FN2QB23AWWSMW3LHM4L D19XN JFU9L6FLIWB2 PRN5GD035LI0QLYPVU96ANO53RFD3NQ4DBTBYF1TWR3P77PXFP9YCMIYX7KLVHJ5A8RTC1M81WH76N66RBPV004UWEC3 CK0 E44JMUC 8M2TKNXO4MBKFTHW5 72Q61LJI1NF5Q2 GBMDMAF3ACSVFVTR9EABFOQV9 I0M48HHLQMTA08 1AF2RF3DJ9X0V5GE YB2TG2RRLP K92TTG5UNTGKWNI4MDLKGBFJ87LR5XWOM1OS8HO4JO7SM7U37ESPHN5R7N5L83C5U7TP3N0W4LT5R8BXH16N7S2CQ 34Q8LTYE4YVCAI26PJ18QC6D0O8IYNOK5P1YHT900UAA1DXTJ7FRC3D33DT5P4O3UI37R35');

insert into ACCOUNT (ACC_ID, WELT_ID, KOE_ID, AL_ID, ACC_USERNAME, ACC_PASSWORD, ACC_EMAIL, ACC_LETZER_LOGIN, ACC_PREMIUM, ACC_PAYMENT_TOKEN) values (9, 18, 13, 3, 'CFM4TJNOL3PPM9SIHD8LENB1SUO5SMN4DLI477YPVGV3NR4NX8Q5GPY8A 55N3ISKIXDK9NCBI03 YFQQCA2AQESROL86KJOXRWW', 'FK2CURX3URP3OEMWMRAHKIFVXC6EDP9A0 49FXR Y9BC I047KA1NPN4QSJL0M2KSQODATUMHN183B4NW0SB4LEUG94Q9I2BMSD5', 'C090BPV2ENGX014NYYH5NVA27OHW5VRKD6TQF0UENTXC2CYDMM8KO BA7Y20O OMU38618N8XRUNQCG 6WFNW5U7HQJQFDVA8N9Q', '1787-3-8 6:53:13', 18, 'DKDJU6B23JKW LNKAJ1 EC AML073BDSUN4XVK1SJRVGT09Q212PBJJ4AMJ36DQJJEWNGSA3M0NOT1N 59D4E KAVKJDN363P6BV4EJTDEAP5QEXJTD6T5GAD30STOFN0VK 9CO7FL8UVI4LQEV03YPKC60G69YR3V1 3JY36ER8 DOS76N36TTDE1W0D5G6GEPCUDCI26SFK0YLN4MAGGQXMWRLDIX7PB62H8R8UWKMNIPITK955CF470YD 3H1Y51MHHCJ82K5PJ5VWCGXJIJV95JT9KF9XCJUALCPD3CYD4N70SXPADL53Q6EA2LH13OUHDWF PTOX2VW6MXKHAABX7I426 ORXALNWR5XKFN 4U2QJOHY7V2B5W7VR7HOVEJC0278WBJO4EK701J 8K4PP6ITMXK6KT258UM780P6HOVTR1HY4MY9WDKV3WKT0AFW1 DWWXS7WDUL8F61TMQ W1YY7JM05R2Q8N0Q SKFUEE20QXB2IBOIDMXWIS9V08NHLAYI644JGV1HQVPNV0SBA71N09 66YDN GXS1 G5XYNTIR Q5NKT43J8S8GUVPR4M6Q0NI7863J4XMLM979VP RB9PVDMGSI0HITN9OE52IWLC0CGKKKS9TFJITWM31V92FI2KG09MM5QCLKDAP8XI534GA53S27950REDXC6PNUOTWXBRO6YAXC3WK999QVFI0CC2Y4HAJW C6GRDTCMAM1JQOOSYYEU8AJA6 XJOSENE54ARXEO3PEG BSCLQ41P2NMH7CJE7828PQQ6 I08YB2G679YTT1DYLU 5OWWE4XESY5L28PXG LP8DXJAI 7XX82129K0UNYEA9I9UX8R1YDGI0AO149AOEFA7Q7TWKAI248 RVO2NU3U2WGU40F0I7BF4QYTBSS26LQTPQJDLTX5PJE7PD6YITQ6O8MVBDAK2 K L6YY3R3SP2MERR 7G6GPEPADIGUQL7 0KEGTGG2DANC64U03YGMF4NOEH4U8X 4UQK72AOB');

insert into ACCOUNT (ACC_ID, WELT_ID, KOE_ID, AL_ID, ACC_USERNAME, ACC_PASSWORD, ACC_EMAIL, ACC_LETZER_LOGIN, ACC_PREMIUM, ACC_PAYMENT_TOKEN) values (10, 10, 13, 3, 'ST8KE8G6X9 GTR57Y3H77BSC4WE1CT7K4FWXWEPKY37R5VJSX58WEGWCYQHD8 KNDUO0JC09OA2B1NLNQ5L4J2GKTBRMP95GWAKF', '0OSL455DEOHMYO0LOX5J96YE9ATW701JXKXWRW08SDPHPT8IJN75LPH3YWBMC97JNL2SHL3L AGE11IV3S3Q8B72EKF16S4GP8QO', 'O1IPDFDFOLY94BI4BL3RCO6N2TXP5V2V9BH33P4KPMNANJMRIB5EQR9MLML LIG9V9512E9T7G6YVGYO4X8A1T0MOQ7PUW N814A', '780-6-8 2:56:49', 1, 'TIAD9S7422N0JUFND PVP07H0VQA273YWKA9N6TRKC1ARK8O HEI6U1AE3F7G39SRJJKUH45P6 X1NPUFX4DH2S08MQVTEQU4WR0B3HLPM0T5GNA B8BAU2E6LWT RX522MOSL3Q7KJV4SC9I2A8OUBHDR6GJY17VXAM5WP 26P69XJ IJN0CX7SC65MTG9EVNCTWT7O6N540FSFPDC9MYCUFFP6NY6M9SSW2Q13S3UXK5 WJKCLN70HA67VA81B7WBLXW3QNBW9FL24H00EXQ0EDYL 5XG9K45TG8P09LP5 FEW98LE120IS47GM127QJNYUI6W0SIXMFS6B1091RCCLMDFRKRYSQ65MJ28XLWUNCB67O3LRDB RJEJQJ8MMLBEN JEYNM86USWS4ESX33G5 8CYU3MDACRAU6 IOR92PQCDYIB9A51QQNTB7EC0NEN9GVVN 3BTG1QTCQH9 RL0MT8W75920TANNQ1H800835SNAI TPGWBPVWIY2ODSOLMG3IK4BW LB0QWNBLF5R7W8WU2AR5VV4DLOWQS M11P45MF0EL5E UFTUR8C55KRFDD2GDJP5LL4IYKKXD0FTVM1TSTPPMOLTVOOEOABF4XG9D0N6CEKOXAUA5 BJW7AXOTAY5N6SOJXBXBIGS ED7V  22B7XFISR3HOAF5BX7LKRRLHCJ45LNX3UWUBGGJ1OMQU6H5AOOD J04IFQG9D0W0TQB81BHY5WEP3LSRQTLR7UBG43SWJOK56CSXFQBQC57N6LJXV8M65UPSKU9WR1VQYRCW8FTX21N328YFG4F3U8A2HMA D3K56L4O21IR02T6R BKWI3588UHGPUILTC2VGXYY2TD69EU2CLP2AMWCSPPXIO7NK7SUH7T5SVF0F69YOV YM5P8OAR5IPL7ER3LATK2NPM6CXB2IMY5MK23SSCRTRTIJVLMRB4DH95GBV7IBW1C0JLLMQ8QXSQTDTHW09KIEOCSOF9DJLRUFGXQIX58D2T5IWCBCT');

insert into ACCOUNT (ACC_ID, WELT_ID, KOE_ID, AL_ID, ACC_USERNAME, ACC_PASSWORD, ACC_EMAIL, ACC_LETZER_LOGIN, ACC_PREMIUM, ACC_PAYMENT_TOKEN) values (18, 15, 13, 3, '5HLI8S 0O4T0G2U9HVITUE8SA 2X83NW5BSJBYBMAKIJ819NMS9LS1G3A1S5E3 0N4J4GR MMXBBODK2HLL0BP63RTUF8 25YD2B', 'SEAFX6BOEKY0C7AMX248 NA7J5K 0A497311S8DFWUOKUPF02NDYLJ89VG3X CMH9KVTPQEYU0EVTRLYI9J3ECYBT0G 37P4XHFY', 'RWDTPOEDL3J0PQGG6374K0XK5W6BVMNV5TUNJ5M65LPATWBP4DISTIMAIW9C1UDLPSOSTXC0JTYJI9RJUJ0DBTNRCTFP1I7HH E1', '74-9-14 0:14:44', 6, '6GQ4QY8IKGN875JDF3EFN24AHC74N8W9HMX83SQ2WGYJIPBALDF4BDRBH0JP6NL7HYF9AD1WS9U SPIJ9ROBQ3KWY3X45YR67DXXMCURUM4AW7MAQ3J6ASFNENG96CTXYHAKL38IUAAL856I6ASMTYO1W1CFPCHW37C67I6RCRSQFWWAP6FJ00EDGIU76G3WOFPTHED9KEE56OVKW7OIE3V7JI1MX8YYT2L12H79PE4Y9CX9DRPL86RHQJ5UYGR6XKUWARV2ABNW1I44TDDK4L7OJW9TI6NB1QUNYENAXB5XTIYEL87SM4W5L9GJR7DWJBINCSXG I21IKNY T28T68IKC39VHXP68I MVAUFPH94S48QFOXCNDNI1QD1KNFDUVLQYQC3NE2SAW52PLFI5HP0YXTOVWS5QNY12500KGA7LJB942 VTQ4ALYGIQP4GRISPFEF941IDVGT8IWLBW5UIRWS0VHY9D5B AGKFK1W4Y5D16 X9YTOIJYYFQHVUHP7G9CYNWO1JBWWQHL38E1IY69R6J7K5R6FM2LHL5V9T9YLFSQQ5DHHJELXRC 95NGY10PFICIIQSUC2HLF42MVT1UJTPDBUOF170402X6CM421U0OPW3VV 9VIQKOUPT0 U PSPIAX3K47J46J6 FH7 9W8LWOVHEAVMLWO71BIKCKLKUCNWTYNBP61W841BQI2O7YXFAGDG0AVEFRKYL M3V3FJD5G9MGOKWNW8726U1R0PDY5 F8CGFUTTJAHRX374CH47I1EJ951L 4B JVDB52M4WI7WVJT0YR1779G7Y7C48PU87WXL5N1Y9JIXAMM1HJ8DHE6XVDLHE8JPL38SKXBI0 RV0WHK79 GFONPX5OK8JLKQ9NL1YIBN7RGJHH RE659QSK1AHM61 7HUGP81XPN81O FOFEUQBTB8QAWWRWQU5PBXXT700AFNS11YPNA69YIS MLPGCXR0T5PMPPI  HRBC8KEMN7ESDYX3AO03QEAC5BWRCAY4I');

insert into KOENIGREICH (KOE_WAPPEN, KOE_RUHM, KOE_ID, ACC_ID) values (0, 7, 13, 5);

insert into KOENIGREICH (KOE_WAPPEN, KOE_RUHM, KOE_ID, ACC_ID) values (18, 15, 2, 14);

insert into KOENIGREICH (KOE_WAPPEN, KOE_RUHM, KOE_ID, ACC_ID) values (9, 11, 14, 3);

insert into KOENIGREICH (KOE_WAPPEN, KOE_RUHM, KOE_ID, ACC_ID) values (7, 14, 3, 1);

insert into KOENIGREICH (KOE_WAPPEN, KOE_RUHM, KOE_ID, ACC_ID) values (5, 3, 4, 15);

insert into KOENIGREICH (KOE_WAPPEN, KOE_RUHM, KOE_ID, ACC_ID) values (13, 13, 0, 7);

insert into KOENIGREICH (KOE_WAPPEN, KOE_RUHM, KOE_ID, ACC_ID) values (14, 16, 5, 6);

insert into KOENIGREICH (KOE_WAPPEN, KOE_RUHM, KOE_ID, ACC_ID) values (16, 2, 16, 4);

insert into KOENIGREICH (KOE_WAPPEN, KOE_RUHM, KOE_ID, ACC_ID) values (19, 5, 8, 11);

insert into KOENIGREICH (KOE_WAPPEN, KOE_RUHM, KOE_ID, ACC_ID) values (11, 8, 17, 16);

insert into KOENIGREICH (KOE_WAPPEN, KOE_RUHM, KOE_ID, ACC_ID) values (12, 19, 9, 19);

insert into KOENIGREICH (KOE_WAPPEN, KOE_RUHM, KOE_ID, ACC_ID) values (8, 10, 11, 2);

insert into KOENIGREICH (KOE_WAPPEN, KOE_RUHM, KOE_ID, ACC_ID) values (2, 12, 6, 17);

insert into KOENIGREICH (KOE_WAPPEN, KOE_RUHM, KOE_ID, ACC_ID) values (4, 1, 7, 0);

insert into KOENIGREICH (KOE_WAPPEN, KOE_RUHM, KOE_ID, ACC_ID) values (17, 6, 19, 13);

insert into KOENIGREICH (KOE_WAPPEN, KOE_RUHM, KOE_ID, ACC_ID) values (10, 0, 1, 8);

insert into KOENIGREICH (KOE_WAPPEN, KOE_RUHM, KOE_ID, ACC_ID) values (1, 9, 15, 12);

insert into KOENIGREICH (KOE_WAPPEN, KOE_RUHM, KOE_ID, ACC_ID) values (3, 18, 18, 9);

insert into KOENIGREICH (KOE_WAPPEN, KOE_RUHM, KOE_ID, ACC_ID) values (15, 4, 12, 10);

insert into KOENIGREICH (KOE_WAPPEN, KOE_RUHM, KOE_ID, ACC_ID) values (6, 17, 10, 18);

insert into BURG (BU_POSITION, KOE_ID, BU_BURGNAME, BU_LEHM, BU_EISEN, BU_HOLZ) values (19, 13, '6 224L6WDM5X3A4Q7M3U4T1D6 7C EQYRCO8WPJJWVFV6J34VISSMRJDVK5 8SP0MUUXMN8Y5EA1OXGDFDCG6MDW OM4UFTU05PE0OHQQ3Y1HLYAR9PBH6T5R4 OEPYA04P749LGOVMV7M3HQ62WCRPFV1981OGMD2TBYBHKQ39FKOCMQIOBULAOKQR3M8OEYJ1D2RRQYOG0KE9J9ODJ3C3YBVXH47 55EX346K56BVGF6UII1K NH9XEYYFAX3', 16, 11, 16);

insert into BURG (BU_POSITION, KOE_ID, BU_BURGNAME, BU_LEHM, BU_EISEN, BU_HOLZ) values (4, 14, 'JWY25RJ20HOBANL6R2XK48HD9XFJ48ORJFDB7DVXUG2Q9W30WE8F324P XM6WCLYRN8ATJL5T2O7ILOGHN9R0B2T3YCL8 Y B1MULXMX8LAK81URM1FG1NXGQVHEMKROK1THCNHPNRX6JL8NU2NQW4XV2XPOS9AJCRBG25AW2G8OABBLTD2S7C7KTJ8RDDO2HX90WRB01NLA9HSNGUE54LCQPY43VAXYMB8SKRRKC97MF2U272OX0PPB6VX5OBP', 10, 1, 3);

insert into BURG (BU_POSITION, KOE_ID, BU_BURGNAME, BU_LEHM, BU_EISEN, BU_HOLZ) values (3, 1, 'Y55SDC7DX3GEQKWXXYQHYUB5OU0SARFF2D84DC36D884KETUF24BBQHY8WKABOBI37G5MLE77IORSRQL4R7G27WIWKIG66MJ0UCUOULO22H25L66U8XD66KVQH8NF2I OFMRLDM4XIPI61IUN1DAIVXSYNOGURAID SM21PBN650VWO G5XA00B31G NIDX9WD8YUJVCEH7MEYSCBP9150XNYEEG32 1ETGF7EVRHWPAGMXVHITU3BDRTWRK6VF', 18, 2, 8);

insert into BURG (BU_POSITION, KOE_ID, BU_BURGNAME, BU_LEHM, BU_EISEN, BU_HOLZ) values (10, 2, '1C3XDT3KA83U89I7C1OS DPCSEXK5MBP4P9Y17PJ93F0V8MWS XA5R7UMM866EWAN6UENE MW8NRVIT9L1MP8NY9OT9B 4YRBL5EI8RASSR737U0E6GRDTRDHRWXQID5K1XUXA7 VNK2XYSQMARX6OBBN6K4UDBSSK834449 94UY4EFR54FFW3PMF9CI4DYYTOAUWJQWOX196188GCDJ9JYU0432KT6VALKWS2CD33KDKEQFBNP77YYL71388L', 17, 17, 1);

insert into BURG (BU_POSITION, KOE_ID, BU_BURGNAME, BU_LEHM, BU_EISEN, BU_HOLZ) values (7, 16, 'M7BUMEQHBMB43154LTC6R51OUR02KVXI0D6J  YYPX 0BJGWD15KYBB693PD74I10F71XJRMU1LRJMWX5 4Q089NEMVQRLCSR6Q3O10WATHOMPNIEF2QI09HLP06WH8T4JBC1MMGQALWVGFCJ1 9C60T8 L6 GHKYL4W7KC9WQFGO5G29V31TY Y9FYI20MY1XK3 75LGLPUS AE8OHG1N8UQJQB4 H 6 WUXONT8T0B R8BL4FXVTM QBEG4R8', 5, 15, 19);

insert into BURG (BU_POSITION, KOE_ID, BU_BURGNAME, BU_LEHM, BU_EISEN, BU_HOLZ) values (0, 17, 'NRTOLTKEKH5P654BV9V2JBVKO5JXGD8JDKS7LYGVHE986O0P603FSFQ2V 9GPHQBMTQIRSYW7CJ6NXTX5FRC4BNLF KB1CGQ8HXICW4UNGJ27K37H3MA7I9K5LCG1XCQ7WWLXJG3AYG0K9PR83QKJGQY5GJG9GD2NES2N8FXUSKVQOSEYJT39QT5LTBQ5QL RS4 UJ63VOCFIRXCA1R L7J0JNRBH0L8O1U5VGCJDQTECNBOUWLURH3GLIVCFXC', 6, 0, 9);

insert into BURG (BU_POSITION, KOE_ID, BU_BURGNAME, BU_LEHM, BU_EISEN, BU_HOLZ) values (2, 16, 'M9XUQBG6JHT3M4Q9 EVMJ3PUYKQO1TY P2F12 E37QNPAD11FHMK3NPM 1UXP6UT3 DYO4DOSCFTI2TWG9YBOV8QGH0D D9BJ86XA9WB77TTUVNPY12O61DCP6KG4OES05E5F43RVR2L2SC7X 1GW1KN9FUF2NKR1EE8 A3RHE 8XUDA5OJSLKO7BRDGRF5JSFQXIVCHH8THOFRO4A2U3QVD8TWM76NJGYSWTBQAED2PK4OUFV6N5JMFRSHFHD9', 12, 5, 12);

insert into BURG (BU_POSITION, KOE_ID, BU_BURGNAME, BU_LEHM, BU_EISEN, BU_HOLZ) values (16, 19, 'O8HL8F83RYCP9OQB4IT2TADWTNNDW0VWN2JH0Y PK4QDKSP25JGI6PCD5JY771MJNMGP8XU QT0FQPJRHOKEG5FQQTB49IA29UTEWBC860WJ4DWLL8Y79N7VPY8GIBR8NMQ87CB5VQLQ30RL2D2QTLUJKHW6HSI9HN70Q5ES0OM7G6S2FE92UAU2BOBQEQ3FNUJKV4QRHSA2XTTDBW6F4JHRE9V4UARV5J7IM44A6U3PR6DH311P1URO316OQ4B', 2, 14, 4);

insert into BURG (BU_POSITION, KOE_ID, BU_BURGNAME, BU_LEHM, BU_EISEN, BU_HOLZ) values (1, 6, 'K9MITXOT5D72R3HI85J UN5GMX1D3 Q59CQVSSLHN1CHHV6YDW V MW0BSKR517G7LWDYBL8XTL6DERM0NDGCMCO 1QQ8Q1OPES61O3HPRD2FK6J47Y7F7U0H0WFOYHGUDVWR9NAP2H02E7NOLKV3LD83CYQ8 F7U947V6JHVX2YYTBXGOVE 805YAYS2G9P69YTCLVVDI3IHUWOHSJKUO 4QP2 IFA6 3IH730H38I3CAH8US9CF7FM0I1JJ5B', 8, 10, 18);

insert into BURG (BU_POSITION, KOE_ID, BU_BURGNAME, BU_LEHM, BU_EISEN, BU_HOLZ) values (12, 5, 'TFTNBKUUQ4E6OFYSJIEABRS N40INM7BACNSNK1BGHPWECGIEB3EF O05JKD31CDUCSR1F5W930H6H HVC596WCEXICSCV9T90GFB9NFOB UY2MVJIG H14GQUNH40IX3WLQ9W 1ITE2K2OL9WV57DO3GATXVGLLATPUUQN2M105MJ44KROAENC3QXX5T2CMC BE5JN3T2G4BSCI WQ0VU37NTK2T2FGGWMJISYPQTWDRIIGB9RSESSF 0T8W8N', 7, 16, 7);

insert into BURG (BU_POSITION, KOE_ID, BU_BURGNAME, BU_LEHM, BU_EISEN, BU_HOLZ) values (18, 4, 'XQ5SH5P4S04X305U7TEKIP3I3ITODOWOOHLW1U96H6BEH AURS80MY31FIC2UP5G336BCWMVMYU2C5RL36J4ILY48QD3X XJ0EEKPTA0VHUNKOI7GUFQ GJ5IIJN83KV1ICO525E7VA1W1QEKRXWIQGNX77DUXS6VXYWLYLGPQI92KGM6V9KNDTW2R2IF6LHJKL47NGQV7KVCPCXQGB2 MDMTAIJ6X7LV0MVJM2G1YI40RG1VKV2P5RM0K2ERRA', 14, 6, 2);

insert into BURG (BU_POSITION, KOE_ID, BU_BURGNAME, BU_LEHM, BU_EISEN, BU_HOLZ) values (17, 12, ' LA8KUC01NF1NI RAG82X FK6SUHXH9DYDO4HAQC4F9TJR4 6IPEX2V5E8U9AS35GLHP888RCIGDYO9L6GAV9A81WR4TSW7BR732X2DYC0VFGUH8MBE4RRO9C4E4PJ3K4P1BJBXC8WUDIF0U1A9HQ75UIGDQ5Y 2T99DOD1KBKGOK47GH G6KOF1QEUT7POI8D  RSVOS4YNL326EDUIA3G1TKXEA6VKP0YG4URHC0II267IAXLPQR3X5JAJ6RB', 4, 4, 0);

insert into BURG (BU_POSITION, KOE_ID, BU_BURGNAME, BU_LEHM, BU_EISEN, BU_HOLZ) values (15, 4, 'EA33YXHF9Y2G48R OJVL6J9GGB29057P2L8C4BD4BAQNOEY1RSF8JEXE EO2S4T4CO E6MM8A A2XXHWJ0BKTPFYHFKB3F9JGPTT7U96AQM1V2RHH6G0PLAO35UF 1EPXOJM2FD19LK8F5BMWN5GIN7W  XQ9K17 VXYK9YOCFX89OY2PTXV2VFMWH97U484TY7MX3VV32QH54JNG81HYJ5 UPO826NRVLHSWKGKK 67PMKLWERV9RMJ29K4DIJ', 13, 3, 17);

insert into BURG (BU_POSITION, KOE_ID, BU_BURGNAME, BU_LEHM, BU_EISEN, BU_HOLZ) values (13, 12, 'AQVU2FA8IF318V3SG8CEPP86U2EMNX88E2MKIBR8IP0UQCEOXJEM9N6HPTXGM 7CGEK9HYMNT88IN3YH JVL2RBHNKXO1TAXMOV0RQXLB YVJCNDPO  T06DPKPTTBTSCW3KJB7KH5AT5TV61JE6YE8VHWVX3M70LR15ST2 D69TSA4H72 F85UGY4B51F33ES6LCAVJJ0G83HFFKOACQEBO0B5Q3VHGCM27T8WGEQUVO4GJW MVY85NYWA14 7', 1, 18, 13);

insert into BURG (BU_POSITION, KOE_ID, BU_BURGNAME, BU_LEHM, BU_EISEN, BU_HOLZ) values (9, 0, 'UTSL5EG 2RDWS45D549XL5E23KD8798 OTRVON4GUM2NTDJ87YIT2NXAAL0 L0C3WHBVFRTKKPMKL H3LML WVLVCXGLRBE7ANM1ISRH0NA 3UCKMVEPMSS176XQOOO7A LS96R25YGFY9HQJRRYKB5MHG2TX2RXQV7VQHGMM37QD3QM9SCIR 8XGXETHP1QQN 7M3D5BS YSPY42M528XABIOBM9271D2V65YY1ISS6N0FT9VLFFYO8NNU8R83', 0, 7, 5);

insert into BURG (BU_POSITION, KOE_ID, BU_BURGNAME, BU_LEHM, BU_EISEN, BU_HOLZ) values (11, 1, '49 B2N466SDC5BCC92YNCJT3KFMX SIHCH9UFRE9KO62 I5T2HFL4BJDO62QP88CLPSUIWQ6 SXLP65OD2J40CNYH87 YQOW3K5R1YJHLHGH8EFDRAKGMKSLTJ0XVM1WSC7L KQK4RXDD86Q39BPWYP5EQT8OW38CO0H PW85PWPD0E8FEITY3SV3XK3VKHXEV82V1PVFN39UY 8PMU3T269ICG294CTDOGDQ9UHFHUAC82D9A4X4C2B58XF5OG', 15, 13, 14);

insert into BURG (BU_POSITION, KOE_ID, BU_BURGNAME, BU_LEHM, BU_EISEN, BU_HOLZ) values (14, 18, 'WHHINIIXW18Q2306VPX 52CRS1Y7H2IWDPWVF0TYD720IN33I4J5982H93I6P3I7JPA2PEMLFUU25W21KU093GLLT4OFVYCTGLNJM7FYJSQGMVDY7OMGYJ09F1XVTMJALYJW0BYKQSVJH3X9P5G9G1CWM9SHLAU1L35BUPA1FN9SDHWCW6XKQHAJGCUR2343BIMGFDQBCV6RHI2JMWO YQJF1FYE35WDTBOI1D41RJA084VTE4B73NK49S4JRX9', 19, 9, 10);

insert into BURG (BU_POSITION, KOE_ID, BU_BURGNAME, BU_LEHM, BU_EISEN, BU_HOLZ) values (8, 5, 'UI5C7WC 5AGAVQ K80LIIMWN79WSFGFCM36091N0AJN6SPE C71COW6QD82135G04KML0S0BXVRRVEKTM02KAIQ9JPCV5IAO5X 4GNO7P64WH44A4XCI4FJTCO7D32N9O8VTJBGKCV 3WP0GW18RLP0UP5UMRTGG74YPGJ4AKN3G02AS21HP 7MQS6DORYYXN2X64YCITUS3W0UOKSYNVFJ5PO6EHLG8NM9QQVHO2KAY4WYGXAHT KXY2DV7OD7', 9, 8, 11);

insert into BURG (BU_POSITION, KOE_ID, BU_BURGNAME, BU_LEHM, BU_EISEN, BU_HOLZ) values (6, 19, '42SM3GV0KH96HEEI  C PUSO74WK3 6460LFQ58L DOV5DETT1VV65EVNLEK7T0XW1WRDLYHSV3X8P9X2 SO00LDR0350CX4PFYP5UW78CRL8PW8HKPYXQGP 6J0SWIERX0430AHRJ9Y71YFS5R6264LACOH969V0XEMNS5XLLJIXA2RC4DN XND0X0PS9BUIRK0W3KA6D5SVOV5WNTRERYBE1SDV2LEP0 5XQYJDFQS7OIR4WTXO1TJVI0UTIS', 11, 12, 15);

insert into BURG (BU_POSITION, KOE_ID, BU_BURGNAME, BU_LEHM, BU_EISEN, BU_HOLZ) values (5, 14, 'PCWHT56EE 1SM21 GXMSOBLPP0CI2YRFMIDNQKNRD0996JL8TG4ATM0GFOI8CE13FQTXQ0 TOKCV4XMD6SDK37DIIHCWEWMUMJAQ9C8S4Y1KY KNA0B5 IW0M8TU6S56P66CL MPMSCFISGN0RGAUMCD8B11CJUK6N606RL2VH0MC14EWEVPHY1V OD5O5T3YG9OY832KAVNQ7R3IIM6L28VWYHYK995HD3V3RSNDILBUX74NT4UCEVE7PGPTE5', 3, 19, 6);

insert into AUKTION (ACC_ID, ITEM_ID, AUK_ID, AUK_START_DATUM, AUK_END_DATUM) values (5, 9, 9, '1-1-1 0:0:0', '371-6-20 2:6:41');

insert into AUKTION (ACC_ID, ITEM_ID, AUK_ID, AUK_START_DATUM, AUK_END_DATUM) values (14, 7, 16, '1233-11-10 5:1:51', '123-5-14 0:59:0');

insert into AUKTION (ACC_ID, ITEM_ID, AUK_ID, AUK_START_DATUM, AUK_END_DATUM) values (3, 5, 4, '70-12-23 0:22:38', '321-11-7 1:47:17');

insert into AUKTION (ACC_ID, ITEM_ID, AUK_ID, AUK_START_DATUM, AUK_END_DATUM) values (1, 3, 15, '467-7-14 2:0:27', '825-1-16 3:31:59');

insert into AUKTION (ACC_ID, ITEM_ID, AUK_ID, AUK_START_DATUM, AUK_END_DATUM) values (15, 15, 0, '571-2-4 2:31:6', '1256-5-23 5:27:37');

insert into AUKTION (ACC_ID, ITEM_ID, AUK_ID, AUK_START_DATUM, AUK_END_DATUM) values (7, 16, 19, '1508-12-3 6:18:26', '62-4-2 0:33:6');

insert into AUKTION (ACC_ID, ITEM_ID, AUK_ID, AUK_START_DATUM, AUK_END_DATUM) values (6, 18, 17, '891-3-25 3:46:48', '1065-11-11 4:28:58');

insert into AUKTION (ACC_ID, ITEM_ID, AUK_ID, AUK_START_DATUM, AUK_END_DATUM) values (4, 1, 12, '1680-9-30 7:9:39', '541-2-23 2:37:36');

insert into AUKTION (ACC_ID, ITEM_ID, AUK_ID, AUK_START_DATUM, AUK_END_DATUM) values (11, 10, 8, '517-2-20 2:16:37', '1770-11-16 7:35:0');

insert into AUKTION (ACC_ID, ITEM_ID, AUK_ID, AUK_START_DATUM, AUK_END_DATUM) values (16, 6, 11, '806-1-11 3:32:49', '1665-6-24 7:4:51');

insert into AUKTION (ACC_ID, ITEM_ID, AUK_ID, AUK_START_DATUM, AUK_END_DATUM) values (19, 14, 3, '1608-10-31 6:44:24', '710-5-16 3:15:5');

insert into AUKTION (ACC_ID, ITEM_ID, AUK_ID, AUK_START_DATUM, AUK_END_DATUM) values (2, 0, 6, '1826-3-28 7:23:20', '1-1-1 0:0:0');

insert into AUKTION (ACC_ID, ITEM_ID, AUK_ID, AUK_START_DATUM, AUK_END_DATUM) values (17, 19, 10, '1380-12-15 5:52:58', '205-11-5 1:30:42');

insert into AUKTION (ACC_ID, ITEM_ID, AUK_ID, AUK_START_DATUM, AUK_END_DATUM) values (0, 11, 13, '205-10-7 1:6:25', '1142-10-29 4:56:1');

insert into AUKTION (ACC_ID, ITEM_ID, AUK_ID, AUK_START_DATUM, AUK_END_DATUM) values (13, 17, 18, '318-11-7 1:37:12', '447-9-29 2:24:27');

insert into AUKTION (ACC_ID, ITEM_ID, AUK_ID, AUK_START_DATUM, AUK_END_DATUM) values (8, 4, 2, '1084-8-6 4:34:7', '654-9-23 2:51:30');

insert into AUKTION (ACC_ID, ITEM_ID, AUK_ID, AUK_START_DATUM, AUK_END_DATUM) values (12, 8, 5, '1283-8-4 5:18:8', '1451-10-1 6:25:7');

insert into AUKTION (ACC_ID, ITEM_ID, AUK_ID, AUK_START_DATUM, AUK_END_DATUM) values (9, 13, 14, '1026-3-11 4:4:30', '916-9-21 4:2:43');

insert into AUKTION (ACC_ID, ITEM_ID, AUK_ID, AUK_START_DATUM, AUK_END_DATUM) values (10, 12, 1, '702-9-3 2:59:6', '1308-9-22 5:59:49');

insert into AUKTION (ACC_ID, ITEM_ID, AUK_ID, AUK_START_DATUM, AUK_END_DATUM) values (18, 2, 7, '147-12-7 0:54:38', '1553-2-11 6:45:19');

insert into ANGRIFF (ANGRIFF_ID, BU_POSITION, BUR_BU_POSITION, GRUPPE_ID, ANGRIFF_GEPLANT_AM) values (19, 15, 6, 5, '900-10-6 3:6:48');

insert into ANGRIFF (ANGRIFF_ID, BU_POSITION, BUR_BU_POSITION, GRUPPE_ID, ANGRIFF_GEPLANT_AM) values (2, 1, 10, 11, '137-5-21 0:21:56');

insert into ANGRIFF (ANGRIFF_ID, BU_POSITION, BUR_BU_POSITION, GRUPPE_ID, ANGRIFF_GEPLANT_AM) values (5, 8, 4, 11, '1701-1-22 6:19:4');

insert into ANGRIFF (ANGRIFF_ID, BU_POSITION, BUR_BU_POSITION, GRUPPE_ID, ANGRIFF_GEPLANT_AM) values (9, 2, 14, 6, '1488-2-5 5:24:8');

insert into ANGRIFF (ANGRIFF_ID, BU_POSITION, BUR_BU_POSITION, GRUPPE_ID, ANGRIFF_GEPLANT_AM) values (11, 14, 16, 15, '1637-2-24 5:59:41');

insert into ANGRIFF (ANGRIFF_ID, BU_POSITION, BUR_BU_POSITION, GRUPPE_ID, ANGRIFF_GEPLANT_AM) values (18, 16, 7, 12, '559-7-30 1:56:3');

insert into ANGRIFF (ANGRIFF_ID, BU_POSITION, BUR_BU_POSITION, GRUPPE_ID, ANGRIFF_GEPLANT_AM) values (16, 19, 12, 16, '989-2-2 3:33:15');

insert into ANGRIFF (ANGRIFF_ID, BU_POSITION, BUR_BU_POSITION, GRUPPE_ID, ANGRIFF_GEPLANT_AM) values (3, 6, 13, 6, '1842-1-29 6:45:33');

insert into ANGRIFF (ANGRIFF_ID, BU_POSITION, BUR_BU_POSITION, GRUPPE_ID, ANGRIFF_GEPLANT_AM) values (10, 15, 11, 3, '229-12-6 0:35:52');

insert into ANGRIFF (ANGRIFF_ID, BU_POSITION, BUR_BU_POSITION, GRUPPE_ID, ANGRIFF_GEPLANT_AM) values (8, 4, 14, 4, '1102-2-9 4:0:15');

insert into ANGRIFF (ANGRIFF_ID, BU_POSITION, BUR_BU_POSITION, GRUPPE_ID, ANGRIFF_GEPLANT_AM) values (4, 10, 10, 7, '1976-9-23 7:8:11');

insert into ANGRIFF (ANGRIFF_ID, BU_POSITION, BUR_BU_POSITION, GRUPPE_ID, ANGRIFF_GEPLANT_AM) values (6, 10, 19, 17, '1382-12-29 5:1:44');

insert into ANGRIFF (ANGRIFF_ID, BU_POSITION, BUR_BU_POSITION, GRUPPE_ID, ANGRIFF_GEPLANT_AM) values (17, 2, 14, 4, '672-9-6 2:23:51');

insert into ANGRIFF (ANGRIFF_ID, BU_POSITION, BUR_BU_POSITION, GRUPPE_ID, ANGRIFF_GEPLANT_AM) values (15, 18, 1, 14, '1770-11-5 6:33:32');

insert into ANGRIFF (ANGRIFF_ID, BU_POSITION, BUR_BU_POSITION, GRUPPE_ID, ANGRIFF_GEPLANT_AM) values (0, 1, 4, 4, '1207-7-1 4:14:47');

insert into ANGRIFF (ANGRIFF_ID, BU_POSITION, BUR_BU_POSITION, GRUPPE_ID, ANGRIFF_GEPLANT_AM) values (14, 0, 15, 0, '760-10-26 2:53:18');

insert into ANGRIFF (ANGRIFF_ID, BU_POSITION, BUR_BU_POSITION, GRUPPE_ID, ANGRIFF_GEPLANT_AM) values (12, 2, 3, 18, '1283-8-12 4:27:2');

insert into ANGRIFF (ANGRIFF_ID, BU_POSITION, BUR_BU_POSITION, GRUPPE_ID, ANGRIFF_GEPLANT_AM) values (7, 8, 18, 18, '313-7-30 1:1:28');

insert into ANGRIFF (ANGRIFF_ID, BU_POSITION, BUR_BU_POSITION, GRUPPE_ID, ANGRIFF_GEPLANT_AM) values (13, 11, 14, 13, '1-1-1 0:0:0');

insert into ANGRIFF (ANGRIFF_ID, BU_POSITION, BUR_BU_POSITION, GRUPPE_ID, ANGRIFF_GEPLANT_AM) values (1, 14, 2, 6, '410-5-5 1:23:20');

insert into SPEICHERLEVEL (BU_POSITION, GEB_ID) values (19, 2);

insert into SPEICHERLEVEL (BU_POSITION, GEB_ID) values (4, 1);

insert into SPEICHERLEVEL (BU_POSITION, GEB_ID) values (3, 18);

insert into SPEICHERLEVEL (BU_POSITION, GEB_ID) values (10, 13);

insert into SPEICHERLEVEL (BU_POSITION, GEB_ID) values (7, 10);

insert into SPEICHERLEVEL (BU_POSITION, GEB_ID) values (0, 19);

insert into SPEICHERLEVEL (BU_POSITION, GEB_ID) values (2, 9);

insert into SPEICHERLEVEL (BU_POSITION, GEB_ID) values (16, 7);

insert into SPEICHERLEVEL (BU_POSITION, GEB_ID) values (1, 6);

insert into SPEICHERLEVEL (BU_POSITION, GEB_ID) values (12, 17);

insert into SPEICHERLEVEL (BU_POSITION, GEB_ID) values (18, 12);

insert into SPEICHERLEVEL (BU_POSITION, GEB_ID) values (17, 16);

insert into SPEICHERLEVEL (BU_POSITION, GEB_ID) values (15, 15);

insert into SPEICHERLEVEL (BU_POSITION, GEB_ID) values (13, 3);

insert into SPEICHERLEVEL (BU_POSITION, GEB_ID) values (9, 11);

insert into SPEICHERLEVEL (BU_POSITION, GEB_ID) values (11, 4);

insert into SPEICHERLEVEL (BU_POSITION, GEB_ID) values (14, 0);

insert into SPEICHERLEVEL (BU_POSITION, GEB_ID) values (8, 8);

insert into SPEICHERLEVEL (BU_POSITION, GEB_ID) values (6, 14);

insert into SPEICHERLEVEL (BU_POSITION, GEB_ID) values (5, 5);

insert into ACCOUNT_TO_ITEM (ITEM_ID, ACC_ID) values (9, 5);

insert into ACCOUNT_TO_ITEM (ITEM_ID, ACC_ID) values (7, 14);

insert into ACCOUNT_TO_ITEM (ITEM_ID, ACC_ID) values (5, 3);

insert into ACCOUNT_TO_ITEM (ITEM_ID, ACC_ID) values (3, 1);

insert into ACCOUNT_TO_ITEM (ITEM_ID, ACC_ID) values (15, 15);

insert into ACCOUNT_TO_ITEM (ITEM_ID, ACC_ID) values (16, 7);

insert into ACCOUNT_TO_ITEM (ITEM_ID, ACC_ID) values (18, 6);

insert into ACCOUNT_TO_ITEM (ITEM_ID, ACC_ID) values (1, 4);

insert into ACCOUNT_TO_ITEM (ITEM_ID, ACC_ID) values (10, 11);

insert into ACCOUNT_TO_ITEM (ITEM_ID, ACC_ID) values (6, 16);

insert into ACCOUNT_TO_ITEM (ITEM_ID, ACC_ID) values (14, 19);

insert into ACCOUNT_TO_ITEM (ITEM_ID, ACC_ID) values (0, 2);

insert into ACCOUNT_TO_ITEM (ITEM_ID, ACC_ID) values (19, 17);

insert into ACCOUNT_TO_ITEM (ITEM_ID, ACC_ID) values (11, 0);

insert into ACCOUNT_TO_ITEM (ITEM_ID, ACC_ID) values (17, 13);

insert into ACCOUNT_TO_ITEM (ITEM_ID, ACC_ID) values (4, 8);

insert into ACCOUNT_TO_ITEM (ITEM_ID, ACC_ID) values (8, 12);

insert into ACCOUNT_TO_ITEM (ITEM_ID, ACC_ID) values (13, 9);

insert into ACCOUNT_TO_ITEM (ITEM_ID, ACC_ID) values (12, 10);

insert into ACCOUNT_TO_ITEM (ITEM_ID, ACC_ID) values (2, 18);

insert into CHATNACHRICHT (CN_ID, ACC_ID, ACC_ACC_ID, CN_INHALT, CN_DATE_OF_CREATION) values (12, 15, 13, 'L8PIU9CRGIFU4HPFBLPUJ5ISG3H857NNM8FEGTU2B1HGLM2UD4LFQL3I0W25Q4HNI7WUI7U19HQ8W9UV3IMOSXIS2YMG0RJ0DQGQI8B1Y5DR9AQUX3F5K5BF2IIMDFGCI9KMLUKHN F2S0D61QH2KMADLW3X9RV5MO5XYR7K96HE7DYY1WRGB5EV4U7ASYEB205U1YF47Y5PMXKFWC4C0GGUSRL0 H2U549CH YHN22I5GXXRSBCWNH4QT60W7E', '862-9-14');

insert into CHATNACHRICHT (CN_ID, ACC_ID, ACC_ACC_ID, CN_INHALT, CN_DATE_OF_CREATION) values (17, 6, 17, '6NCYGUGXJM8CVHBGL1G90I9UX0WGXDIUCYP8WGCITF55XVWFPSNUSJ2IPAN9BTIPKRXSWN1W1N7IK5G0NSCDBKDXWI0UF8NC5PI61OPN8OOK7GL7A0HLLIOQPIRV1NG4S L2MTOPLAIYKN2OCP5DWYQ BU44TDJ47OP7LGFI919LSFCD J90XLCQQ6PR4BH1LJDQVSALICMHPGGNTG2UP0VVM4UB30AUU7N JQUPRR64H IB3O5BKWKPRKBSQRS', '1793-4-23');

insert into CHATNACHRICHT (CN_ID, ACC_ID, ACC_ACC_ID, CN_INHALT, CN_DATE_OF_CREATION) values (19, 10, 0, 'U3V27W69VY4S5GC 34S069HXIU7IAYMFW30SH8K6EKTVHW0DGM9TI43G5 3XL2D4DLYO55FOW9UAQX8BQKX0KY 94X0D9MGEY17UP9UVXFXT4T0M41T4QE7 N34JGD9C7NFJDSA8Y3SD3P17BN9NDYOLG267IBC8FYR1RVBT3DQXXD55W6NBE M1GHXDRCI75JM2FPATXK056XAJ58978 C15TAWM GFLXUO6 5T651YC0JBD1PU4M RHA7GD0 ', '501-12-11');

insert into CHATNACHRICHT (CN_ID, ACC_ID, ACC_ACC_ID, CN_INHALT, CN_DATE_OF_CREATION) values (0, 19, 14, 'I0D F4UHWK JPRQ253N5VI8WHNOKJRGKLGLV9U8IPJTHK E4YRLYIM54X6FMTDQXWA37KQN0URHVNBXV1XH7PY69BHTM1ILVA460XJTJUN0KYY X8 RKG4QIL59EBY8YW1X 7J8MF26NHR5VL5PGV49LICJDXV53WTUDKY6HNBQ51LQAQ8029GGT OHINEC1R5X6QJ06UPPX2ORI NO2F3YFMB5WNV DVFGWUEOUUOIWHN0LCEQ7C7WICD6SLD ', '1654-5-3');

insert into CHATNACHRICHT (CN_ID, ACC_ID, ACC_ACC_ID, CN_INHALT, CN_DATE_OF_CREATION) values (5, 10, 12, 'RESKI1CVYOEI4U2OQVLCL98L4RLTLMW8HJOBDTRCFM6L04WXMOMYKWJLKP1R1SQKX7BD CMRL1PTDRWNM4YRO 4ER849EVM32UEPQQEBIXU6Q3B 8A2CT8UCG92SROVUL2XUU6BW6WKPBGNIE30Y91X4UW W5QETKLM9 0IMENJYWFGES0YJM1859U8NKPJYGBQ5163FBHR4GQA7CFDDHCHIGH0TPXOMOQSU4LO3LOKQFS71ECKKIKIN70NM4LU', '1274-8-20');

insert into CHATNACHRICHT (CN_ID, ACC_ID, ACC_ACC_ID, CN_INHALT, CN_DATE_OF_CREATION) values (10, 2, 14, 'E9M HHOGL9XCL66722PQCHT3JI317KVFH7RV5760J09UQQ175BI8J0NGU1USMPQ36X5TK5YUW492P3ONJ25FBR1KD9IXDG1OJJ WJWF0JMDJL4TR810MERNR78A853DELUV 6CEYB5F2YBVVPSD19A1AKHHV0O1S1AXUU4R31F2V3MO0QRN99 KW7IFJ0A5MYVMIHN SYG3IOTH4AXQEXJS8R3H09DAUV78UYT2EJUWTFK8E5C3LYKLWDHLDE54', '956-7-13');

insert into CHATNACHRICHT (CN_ID, ACC_ID, ACC_ACC_ID, CN_INHALT, CN_DATE_OF_CREATION) values (11, 8, 4, '6KFTO7GQKMB2QVJXE7GHUCX4ED9RE 2G0RWHGI3RCM4X8LHWTDGOXDJNKO8DG43D1AVUXJHIU475W5R FDTE6EXT5FM2K0G4G7XIF2OXVUBA1 3V4AON J7Y80T7Y7VDXFA E2OUFG1324PYVCN9MK5D7CI13L2NXRXJNNSCGFCMQYFG3H4CHMT9G9XKNN064256YWVL92P3V5MWT6K674QH8EQAJJFN4LCMM SKDGM24YAKVEF6WJ2TDAOGAFK', '1903-3-9');

insert into CHATNACHRICHT (CN_ID, ACC_ID, ACC_ACC_ID, CN_INHALT, CN_DATE_OF_CREATION) values (9, 14, 8, '1I48MUJQPSBWGEB4K3 HH2F7EXHQFB8QSRTR7LLYY9DN11RGNHSD7BWSFT9IEDPM2OR6 F2IYEWOH2 HAUM7KPR8FSU1W8X4IWEKSW9RQN3WFBJKLO5R5WBHF700V1M W131NP5NPYCS MMRGRUAHARPYG5H4BI 2 O2SUMX634N2U2CKJT JTYPVU12GJKHHSPG6MVPWTY057SHKV9AFKU5F83D O3T555MDA07WG5TMTCUVQM5BAN0JPAP4 T', '765-3-19');

insert into CHATNACHRICHT (CN_ID, ACC_ID, ACC_ACC_ID, CN_INHALT, CN_DATE_OF_CREATION) values (3, 2, 14, 'A5T 53Q4O7C3SS0P1YHQ18DSOQCIIC1TKUE9S 04VM1NKLIRY0PT2LNBKN6LW0U1BIBTDLGGEUS6TSR0SQ2LSH UYCB8AHH5YISDO8Q4XDM6DSPPAOOT8E22SE9J745UYR6X9O1B9SL4G8D2QD55MKGBLIN8OWVNH4G5XV5H4RHJ1 X0MBHGTIKJIFVKVRBSDK3WKF0ALE RPICTO7708F NAGB4ORAM8NW9IH1M3I1W 51D9LB174B83F MBH5', '360-10-18');

insert into CHATNACHRICHT (CN_ID, ACC_ID, ACC_ACC_ID, CN_INHALT, CN_DATE_OF_CREATION) values (16, 9, 19, '6TWW83XL2R1W O4R QQB0DADQ J8H7V7IX4ASAN4 FH8FKF9SC72DS9ELM9UMPYWWX7QGYIDE72DCCLRBEVAEWM6GGNOVHGF4WX99X18B8LQH00S241SQPJ8PSTFNAX14R34R1BY4K03OCYI XN MMG9K3AMJ731AFA0TYO8N1OR4XEK855NLVDE4UQ3Q2IE 0W9W4AUYI7E5W8CUQ60NLFF7MEA7W 4O8AO9 G8AM0BH9V0UT7RXHYF8VVLIDP', '635-2-19');

insert into CHATNACHRICHT (CN_ID, ACC_ID, ACC_ACC_ID, CN_INHALT, CN_DATE_OF_CREATION) values (14, 6, 13, 'B5EDGK47XOPSJ0L47JBW3DC4P0GC5G85QE2DU5GKXON7RI0UXFGOWKNO6MSTC4OJCY98E6FC459OG8E32I6Y1 7X1XGXSF0QD32A4PGLQ O3TTN47H7EOXPFRE H74NUSME6N S4EX3VKCMYBP5S9O31M9Q03LLIL9LH64CCFP0GDSV4DSMQK1N42V9VMN115VHIHHYCB4T7E5BKB4EOBLUJLAUR5AKDH3R9KXGNNJDDGSNINV8AT4M91SVPIRW', '1-1-1');

insert into CHATNACHRICHT (CN_ID, ACC_ID, ACC_ACC_ID, CN_INHALT, CN_DATE_OF_CREATION) values (6, 5, 11, 'F WV5 46P5TOO1YP8AU7LTCBOYWGJM60Q46WBX3NOFYSIPFHLTOJQOE4Q7 WYEAY1XYOQULWXBIOHAOXC 0Q1ILRT99WCTQ9IBGH1H23FSLPLYW80 LI9R3XUP3U10JMTA2X4HXVS 9RSUC0KGYPJSI9UREROOWGPVAA05C042H9JNHM74LJJEBVA PILFF8XLL3BESMBNCCE6YCNAX75PBIL7D247H10XLFJ996YXJNHUGQTS FA6Y231AITTA', '89-9-9');

insert into CHATNACHRICHT (CN_ID, ACC_ID, ACC_ACC_ID, CN_INHALT, CN_DATE_OF_CREATION) values (15, 17, 4, 'CYK82YH0XOSEA3KHUE138JCXINSSAOBICCOC8JJ7VB K5I3IORRTPADC5SWSHJLHS7JPVKKIVTUA JV5LCFSCVFVAXB A6XN07E0VXVCIXW677L43GWN61TIWD6X722 T5ASJ85W1B5JJ YAL2O2GYQ42CJ25ONQ5DWA6JOVQN3105JX37TFY4CLI16TQV 4JDPVJNJM6IBU4KE8 OXATC3SXB8 MNG4WQD2DI29OU3F 7EG0YPXNULMIPDA6MI', '1564-8-3');

insert into CHATNACHRICHT (CN_ID, ACC_ID, ACC_ACC_ID, CN_INHALT, CN_DATE_OF_CREATION) values (1, 2, 16, '3HNJPIDWVM523GV41 FX4LIJ1QEOPS2LUFQIG48I14NYVUAN9PUK43DRMJM6GHFXMQKD3WH39TUAYJOQK6VJJBSV5Y6BYXODF RK5WHBS1YQ4E3NQ3JBSYWO YERHF0CXU4Y9S GYNIE1S469 HR664CES0T6H35Q1VLW8VI9AC7Y749GJL4V2EJUS1XUXCUGPX9U0HASFH3UJAWS0TCJTV4W1OVGHU23F7R1TUOITJ7G37JRBPSX7TTR3OL2EJ', '1336-7-18');

insert into CHATNACHRICHT (CN_ID, ACC_ID, ACC_ACC_ID, CN_INHALT, CN_DATE_OF_CREATION) values (2, 5, 3, '3KIHPJLXFX1 PLLH6WG0V2LDBOGU3VGK9A8DU3GQJN0FOXTROLQI91WFVKCMYIRV4Y9 LMOTGFEVM 5M78CIOXCFS47O A4XNR2AAHLGHNM9SP6EUPHD64EMUAPIW8OT2TGIGSMAV6V9VLLFPHTWFRE7A75CTXD7SA5CWHVJXVEI95Q6U O6AW1CB4K 21L5BJUAYG9GUCUJ0TKO89UHVJ7ECGGTA6NEW1NJFGGJYJD2LS4TDL4E4CEDTK97S30', '1100-9-10');

insert into CHATNACHRICHT (CN_ID, ACC_ID, ACC_ACC_ID, CN_INHALT, CN_DATE_OF_CREATION) values (18, 17, 19, 'WK3HTH 3R4NWCWBGQTPEF5M2WNBGUQV9WOAXB854OM6SLEOTC0TUY TXDBEB2 QBW8M2EUK8RXCNSUAKQYATXT99B9 14D8JJY0KA8BPT671MD0KR0MKKLJ4XO0ULC1LSXOU6M12FEBGCITQYQRNU5LNSISC0RRWLNB4SP9Q3IR K5J9JRTAM5MK10J4ULOUMY1LGPG1B67HVTE5K4JG7YB5WMNPK4ACY84SNTHEWLQIHC3UQXMY SO6D8SFXVM', '222-3-27');

insert into CHATNACHRICHT (CN_ID, ACC_ID, ACC_ACC_ID, CN_INHALT, CN_DATE_OF_CREATION) values (13, 11, 14, 'PQOO5BFX3 2CJAF56CM54U6NV3E34IIHU9L0SH93 0F8X0TGD5XK6N26Q0RM5X05IA59N9IIOE1UQ0N7MKLED8P7TE5BYSUDV31IT L4YHMD24 V01DJSE0RYA159VED6KH0T0RFVGYMLSGNFYWV74GCE 7 LH3MOTVBONKMLKT RE4C  81EYWAQYD6K81TEG9NY0T22P17V9X5S6R37NA78RAQEHT2CRHIH8CL5NM3QXGOTDYI9DRX3DD0AU1', '1485-4-4');

insert into CHATNACHRICHT (CN_ID, ACC_ID, ACC_ACC_ID, CN_INHALT, CN_DATE_OF_CREATION) values (8, 11, 15, 'EOM1GRFQAIMEYW3H9CHPSSL1HOMEWYE2J6SPT8WHSC38NB7W7HT6QPDESKHK5FUT EV9R2OMC2IW6FFDL3LXTKLJI XJGHIO6U22CLP7X6ODITAC8HX75TT5Y C5D0SM36E 7YRIOL NQ4GNKFMLRSLH91QYPRE7 A6MQHN1AMPRCR3G6D7CD0DSAEMJEKTM0898E89EHCYPJSJ2BN4J VU4PYV7GX444V7M9EO4LUKLE2EUA0MJW5280JKCKQP', '1213-2-8');

insert into CHATNACHRICHT (CN_ID, ACC_ID, ACC_ACC_ID, CN_INHALT, CN_DATE_OF_CREATION) values (4, 11, 4, '69Q1G3L7RHKD1XXWQ7BKLP4GY513UTFEI9HTHB9L17DJGTL2SH M WUQYPYLPKK06LE10G5JRILCPVP6YKBJNB535O7J9Q2OX7S041F94B1XAE523R6 TA5KB3NHBPOF5XNR116IT7BVICMQN 6JOSGWJ6ACN0MFBRC6SN1JVXFQ5E2BVD5AFJI2MUJB7085XCYLXYFCSKTNQT4FDAU37F5UT36OULKG4GS7O84LT1JG9M6YU9CSKSEGLT9C7UW', '862-9-14');

insert into CHATNACHRICHT (CN_ID, ACC_ID, ACC_ACC_ID, CN_INHALT, CN_DATE_OF_CREATION) values (7, 13, 12, 'JN89XCQG6AYWQN8AB6LDGG860JIYRCAI66MBCY3CRTSD2GF2TTV5WXGU3BOKTFH5OTO2GXWQXG0SS8MWRW7G6R6VP6Y7AG5QKB6 8H212Q4VP84PGQJRWJHCUVXNQ06ESVUOBOP5UIVWXD2J02EHO1IBG715SW6FG 625JL8 O9VBVXB5SQSG74NGRNJKOQ70CMIEU52IE86H2M396WF0UBMM 6PS  QG3T8 F2M37V7YCCNYV7KSX T6KOD0D ', '1793-4-23');

insert into EINHEIT (EINHEIT_ID, BU_POSITION, GEB_ID, EINHEIT_NAME, EINHEIT_RES_WERT) values (3, 15, 8, 'K8YE42Q0D29GCPGDVAKODOV6MS4WMAWP9BOH7TXR9MIANYMHLU', 13);

insert into EINHEIT (EINHEIT_ID, BU_POSITION, GEB_ID, EINHEIT_NAME, EINHEIT_RES_WERT) values (10, 8, 13, 'EE7LGFXHEGLNPUMSQKPAXFTEL2C37YNS3N1Y2LVFJB15I4WNJC', 1);

insert into EINHEIT (EINHEIT_ID, BU_POSITION, GEB_ID, EINHEIT_NAME, EINHEIT_RES_WERT) values (14, 4, 13, '7J3S62640F954V9N CW6U O9UEQM87O8J7XUX2W6UBNCXS4GNT', 8);

insert into EINHEIT (EINHEIT_ID, BU_POSITION, GEB_ID, EINHEIT_NAME, EINHEIT_RES_WERT) values (15, 4, 1, 'MD3VMXVPX2C3CWP3VRMXP8OVCNXA5AE4BR 6GOH4EOEAT3U62P', 4);

insert into EINHEIT (EINHEIT_ID, BU_POSITION, GEB_ID, EINHEIT_NAME, EINHEIT_RES_WERT) values (2, 0, 11, 'TRITYGOJ3XY7J5SJLB8KW9LX520VEKO CS1EVK43CP7413CRN1', 7);

insert into EINHEIT (EINHEIT_ID, BU_POSITION, GEB_ID, EINHEIT_NAME, EINHEIT_RES_WERT) values (6, 7, 15, 'QJP9IUEQ1Q QSUD9E7HITR3NCARS6BPLSEWGIVXX5SQI2MMX32', 2);

insert into EINHEIT (EINHEIT_ID, BU_POSITION, GEB_ID, EINHEIT_NAME, EINHEIT_RES_WERT) values (4, 15, 2, 'UNM96RQ4DJW0B1FM82PWNYFSJ 0LC51H112SY9REXD3LNO44LH', 10);

insert into EINHEIT (EINHEIT_ID, BU_POSITION, GEB_ID, EINHEIT_NAME, EINHEIT_RES_WERT) values (12, 16, 1, 'PJJ8SYA0H3W64T2WP K5MS0KO7PL3DJYUW0LIXXYXL823B04HS', 11);

insert into EINHEIT (EINHEIT_ID, BU_POSITION, GEB_ID, EINHEIT_NAME, EINHEIT_RES_WERT) values (7, 9, 19, 'VF27O 9BL5K1E9G7Y 1TK6MQO2T4 6SHY3MIQXYYJ04NPS074Q', 5);

insert into EINHEIT (EINHEIT_ID, BU_POSITION, GEB_ID, EINHEIT_NAME, EINHEIT_RES_WERT) values (18, 16, 12, '8B1AEEBFBHKOGDPPWQON7FN3FKJ XOPORB4V97KXY3D6TDRKDH', 17);

insert into EINHEIT (EINHEIT_ID, BU_POSITION, GEB_ID, EINHEIT_NAME, EINHEIT_RES_WERT) values (0, 18, 12, 'QKUP3N74BCB7MFK3  EW9GADYL2VRYFN245BAW4E9JIUNDAPBE', 0);

insert into EINHEIT (EINHEIT_ID, BU_POSITION, GEB_ID, EINHEIT_NAME, EINHEIT_RES_WERT) values (17, 18, 10, '9HVTI7T08PYY4I4K6K35OPFOS0665FWLKK0QR6DICSV1HOR44S', 12);

insert into EINHEIT (EINHEIT_ID, BU_POSITION, GEB_ID, EINHEIT_NAME, EINHEIT_RES_WERT) values (11, 1, 3, '8PFYUQM39E5LDFNYQ1OAEJCAFMIA52R1G71SMJQQUP0SFLEOXB', 15);

insert into EINHEIT (EINHEIT_ID, BU_POSITION, GEB_ID, EINHEIT_NAME, EINHEIT_RES_WERT) values (9, 3, 11, 'V6XIML2AUUIYMO858VFFE485XCVXC1AKP6VVUPK0CES558WEJ8', 19);

insert into EINHEIT (EINHEIT_ID, BU_POSITION, GEB_ID, EINHEIT_NAME, EINHEIT_RES_WERT) values (5, 3, 0, '6JPG2D9K1SQQHJSS YGX9WOXW9 YES RL61J347CLUY3GC1W92', 3);

insert into EINHEIT (EINHEIT_ID, BU_POSITION, GEB_ID, EINHEIT_NAME, EINHEIT_RES_WERT) values (1, 7, 16, 'LFSSNN363MIIT3MTP55V8OKVGH XKG275Y P492AV7MNXFG59U', 18);

insert into EINHEIT (EINHEIT_ID, BU_POSITION, GEB_ID, EINHEIT_NAME, EINHEIT_RES_WERT) values (13, 4, 15, '181AYQM8T6JF7700EBQ0S2LBKN19NPDL640081KG EAWMOBYRI', 9);

insert into EINHEIT (EINHEIT_ID, BU_POSITION, GEB_ID, EINHEIT_NAME, EINHEIT_RES_WERT) values (8, 1, 14, 'LW3JJE7KXE74BEC61BA YVLFG6X1VOTYK6J02O5NYRVGCVWBP ', 6);

insert into EINHEIT (EINHEIT_ID, BU_POSITION, GEB_ID, EINHEIT_NAME, EINHEIT_RES_WERT) values (19, 16, 6, 'PVMCS9KDF3X5C4H4F5UBK2OR04FLQQK46Y5SI RPUT7J2H7NJM', 14);

insert into EINHEIT (EINHEIT_ID, BU_POSITION, GEB_ID, EINHEIT_NAME, EINHEIT_RES_WERT) values (16, 18, 19, 'UUBW66ISQGT4 XKFOIYXN9O1PY2W4JX7T6RAKMG8TE3WATLY0H', 16);

insert into EINHEIT_ATTRIBUT (EINHEIT_ATTRIBU_ID, EINHEIT_ID, EINHEIT_ATTRIBU_WERT) values (19, 5, 16);

insert into EINHEIT_ATTRIBUT (EINHEIT_ATTRIBU_ID, EINHEIT_ID, EINHEIT_ATTRIBU_WERT) values (9, 18, 0);

insert into EINHEIT_ATTRIBUT (EINHEIT_ATTRIBU_ID, EINHEIT_ID, EINHEIT_ATTRIBU_WERT) values (15, 12, 9);

insert into EINHEIT_ATTRIBUT (EINHEIT_ATTRIBU_ID, EINHEIT_ID, EINHEIT_ATTRIBU_WERT) values (10, 7, 8);

insert into EINHEIT_ATTRIBUT (EINHEIT_ATTRIBU_ID, EINHEIT_ID, EINHEIT_ATTRIBU_WERT) values (13, 5, 11);

insert into EINHEIT_ATTRIBUT (EINHEIT_ATTRIBU_ID, EINHEIT_ID, EINHEIT_ATTRIBU_WERT) values (8, 8, 6);

insert into EINHEIT_ATTRIBUT (EINHEIT_ATTRIBU_ID, EINHEIT_ID, EINHEIT_ATTRIBU_WERT) values (5, 4, 2);

insert into EINHEIT_ATTRIBUT (EINHEIT_ATTRIBU_ID, EINHEIT_ID, EINHEIT_ATTRIBU_WERT) values (11, 2, 3);

insert into EINHEIT_ATTRIBUT (EINHEIT_ATTRIBU_ID, EINHEIT_ID, EINHEIT_ATTRIBU_WERT) values (6, 18, 15);

insert into EINHEIT_ATTRIBUT (EINHEIT_ATTRIBU_ID, EINHEIT_ID, EINHEIT_ATTRIBU_WERT) values (18, 7, 13);

insert into EINHEIT_ATTRIBUT (EINHEIT_ATTRIBU_ID, EINHEIT_ID, EINHEIT_ATTRIBU_WERT) values (12, 5, 12);

insert into EINHEIT_ATTRIBUT (EINHEIT_ATTRIBU_ID, EINHEIT_ID, EINHEIT_ATTRIBU_WERT) values (3, 14, 17);

insert into EINHEIT_ATTRIBUT (EINHEIT_ATTRIBU_ID, EINHEIT_ID, EINHEIT_ATTRIBU_WERT) values (16, 9, 5);

insert into EINHEIT_ATTRIBUT (EINHEIT_ATTRIBU_ID, EINHEIT_ID, EINHEIT_ATTRIBU_WERT) values (1, 0, 14);

insert into EINHEIT_ATTRIBUT (EINHEIT_ATTRIBU_ID, EINHEIT_ID, EINHEIT_ATTRIBU_WERT) values (0, 19, 10);

insert into EINHEIT_ATTRIBUT (EINHEIT_ATTRIBU_ID, EINHEIT_ID, EINHEIT_ATTRIBU_WERT) values (4, 13, 4);

insert into EINHEIT_ATTRIBUT (EINHEIT_ATTRIBU_ID, EINHEIT_ID, EINHEIT_ATTRIBU_WERT) values (14, 0, 18);

insert into EINHEIT_ATTRIBUT (EINHEIT_ATTRIBU_ID, EINHEIT_ID, EINHEIT_ATTRIBU_WERT) values (17, 3, 19);

insert into EINHEIT_ATTRIBUT (EINHEIT_ATTRIBU_ID, EINHEIT_ID, EINHEIT_ATTRIBU_WERT) values (2, 2, 7);

insert into EINHEIT_ATTRIBUT (EINHEIT_ATTRIBU_ID, EINHEIT_ID, EINHEIT_ATTRIBU_WERT) values (7, 14, 1);

insert into GRUPPE (EINHEIT_ID, GRUPPE_ID) values (3, 19);

insert into GRUPPE (EINHEIT_ID, GRUPPE_ID) values (10, 3);

insert into GRUPPE (EINHEIT_ID, GRUPPE_ID) values (14, 7);

insert into GRUPPE (EINHEIT_ID, GRUPPE_ID) values (15, 12);

insert into GRUPPE (EINHEIT_ID, GRUPPE_ID) values (2, 13);

insert into GRUPPE (EINHEIT_ID, GRUPPE_ID) values (6, 11);

insert into GRUPPE (EINHEIT_ID, GRUPPE_ID) values (4, 4);

insert into GRUPPE (EINHEIT_ID, GRUPPE_ID) values (12, 0);

insert into GRUPPE (EINHEIT_ID, GRUPPE_ID) values (7, 15);

insert into GRUPPE (EINHEIT_ID, GRUPPE_ID) values (18, 10);

insert into GRUPPE (EINHEIT_ID, GRUPPE_ID) values (0, 17);

insert into GRUPPE (EINHEIT_ID, GRUPPE_ID) values (17, 18);

insert into GRUPPE (EINHEIT_ID, GRUPPE_ID) values (11, 6);

insert into GRUPPE (EINHEIT_ID, GRUPPE_ID) values (9, 8);

insert into GRUPPE (EINHEIT_ID, GRUPPE_ID) values (5, 9);

insert into GRUPPE (EINHEIT_ID, GRUPPE_ID) values (1, 16);

insert into GRUPPE (EINHEIT_ID, GRUPPE_ID) values (13, 14);

insert into GRUPPE (EINHEIT_ID, GRUPPE_ID) values (8, 1);

insert into GRUPPE (EINHEIT_ID, GRUPPE_ID) values (19, 2);

insert into GRUPPE (EINHEIT_ID, GRUPPE_ID) values (16, 5);

insert into KRIEGSBEUTE (KRIEGSBEUTE_ID, ANGRIFF_ID, KRIEGSBEUTE_ANZAHL, KRIEGSBEUTE_RESSOURCE) values (8, 9, 10, 11);

insert into KRIEGSBEUTE (KRIEGSBEUTE_ID, ANGRIFF_ID, KRIEGSBEUTE_ANZAHL, KRIEGSBEUTE_RESSOURCE) values (18, 7, 6, 19);

insert into KRIEGSBEUTE (KRIEGSBEUTE_ID, ANGRIFF_ID, KRIEGSBEUTE_ANZAHL, KRIEGSBEUTE_RESSOURCE) values (10, 9, 8, 13);

insert into KRIEGSBEUTE (KRIEGSBEUTE_ID, ANGRIFF_ID, KRIEGSBEUTE_ANZAHL, KRIEGSBEUTE_RESSOURCE) values (14, 13, 0, 16);

insert into KRIEGSBEUTE (KRIEGSBEUTE_ID, ANGRIFF_ID, KRIEGSBEUTE_ANZAHL, KRIEGSBEUTE_RESSOURCE) values (9, 18, 19, 15);

insert into KRIEGSBEUTE (KRIEGSBEUTE_ID, ANGRIFF_ID, KRIEGSBEUTE_ANZAHL, KRIEGSBEUTE_RESSOURCE) values (15, 17, 18, 6);

insert into KRIEGSBEUTE (KRIEGSBEUTE_ID, ANGRIFF_ID, KRIEGSBEUTE_ANZAHL, KRIEGSBEUTE_RESSOURCE) values (6, 17, 15, 5);

insert into KRIEGSBEUTE (KRIEGSBEUTE_ID, ANGRIFF_ID, KRIEGSBEUTE_ANZAHL, KRIEGSBEUTE_RESSOURCE) values (7, 13, 11, 18);

insert into KRIEGSBEUTE (KRIEGSBEUTE_ID, ANGRIFF_ID, KRIEGSBEUTE_ANZAHL, KRIEGSBEUTE_RESSOURCE) values (12, 7, 12, 0);

insert into KRIEGSBEUTE (KRIEGSBEUTE_ID, ANGRIFF_ID, KRIEGSBEUTE_ANZAHL, KRIEGSBEUTE_RESSOURCE) values (11, 8, 5, 14);

insert into KRIEGSBEUTE (KRIEGSBEUTE_ID, ANGRIFF_ID, KRIEGSBEUTE_ANZAHL, KRIEGSBEUTE_RESSOURCE) values (13, 2, 1, 9);

insert into KRIEGSBEUTE (KRIEGSBEUTE_ID, ANGRIFF_ID, KRIEGSBEUTE_ANZAHL, KRIEGSBEUTE_RESSOURCE) values (19, 12, 4, 2);

insert into KRIEGSBEUTE (KRIEGSBEUTE_ID, ANGRIFF_ID, KRIEGSBEUTE_ANZAHL, KRIEGSBEUTE_RESSOURCE) values (3, 6, 14, 7);

insert into KRIEGSBEUTE (KRIEGSBEUTE_ID, ANGRIFF_ID, KRIEGSBEUTE_ANZAHL, KRIEGSBEUTE_RESSOURCE) values (0, 16, 9, 12);

insert into KRIEGSBEUTE (KRIEGSBEUTE_ID, ANGRIFF_ID, KRIEGSBEUTE_ANZAHL, KRIEGSBEUTE_RESSOURCE) values (4, 4, 2, 3);

insert into KRIEGSBEUTE (KRIEGSBEUTE_ID, ANGRIFF_ID, KRIEGSBEUTE_ANZAHL, KRIEGSBEUTE_RESSOURCE) values (5, 11, 17, 1);

insert into KRIEGSBEUTE (KRIEGSBEUTE_ID, ANGRIFF_ID, KRIEGSBEUTE_ANZAHL, KRIEGSBEUTE_RESSOURCE) values (1, 11, 7, 17);

insert into KRIEGSBEUTE (KRIEGSBEUTE_ID, ANGRIFF_ID, KRIEGSBEUTE_ANZAHL, KRIEGSBEUTE_RESSOURCE) values (2, 5, 13, 10);

insert into KRIEGSBEUTE (KRIEGSBEUTE_ID, ANGRIFF_ID, KRIEGSBEUTE_ANZAHL, KRIEGSBEUTE_RESSOURCE) values (17, 10, 16, 4);

insert into KRIEGSBEUTE (KRIEGSBEUTE_ID, ANGRIFF_ID, KRIEGSBEUTE_ANZAHL, KRIEGSBEUTE_RESSOURCE) values (16, 16, 3, 8);

insert into ADMINISTRATION (AD_ID, AL_ID) values (14, 3);

insert into ADMINISTRATION (AD_ID, AL_ID) values (3, 3);

insert into ADMINISTRATION (AD_ID, AL_ID) values (4, 19);

insert into ADMINISTRATION (AD_ID, AL_ID) values (9, 19);

insert into ADMINISTRATION (AD_ID, AL_ID) values (5, 2);

insert into ADMINISTRATION (AD_ID, AL_ID) values (6, 2);

insert into ADMINISTRATION (AD_ID, AL_ID) values (10, 4);

insert into ADMINISTRATION (AD_ID, AL_ID) values (12, 4);

insert into ADMINISTRATION (AD_ID, AL_ID) values (13, 6);

insert into ADMINISTRATION (AD_ID, AL_ID) values (11, 6);

insert into ADMINISTRATION (AD_ID, AL_ID) values (7, 14);

insert into ADMINISTRATION (AD_ID, AL_ID) values (16, 14);

insert into ADMINISTRATION (AD_ID, AL_ID) values (8, 8);

insert into ADMINISTRATION (AD_ID, AL_ID) values (18, 8);

insert into ADMINISTRATION (AD_ID, AL_ID) values (19, 11);

insert into ADMINISTRATION (AD_ID, AL_ID) values (2, 11);

insert into ADMINISTRATION (AD_ID, AL_ID) values (0, 17);

insert into ADMINISTRATION (AD_ID, AL_ID) values (15, 17);

insert into ADMINISTRATION (AD_ID, AL_ID) values (1, 0);

insert into ADMINISTRATION (AD_ID, AL_ID) values (17, 0);

insert into USER_TO_ADMIN (ACC_ID, AD_ID) values (5, 14);

insert into USER_TO_ADMIN (ACC_ID, AD_ID) values (14, 3);

insert into USER_TO_ADMIN (ACC_ID, AD_ID) values (3, 4);

insert into USER_TO_ADMIN (ACC_ID, AD_ID) values (1, 9);

insert into USER_TO_ADMIN (ACC_ID, AD_ID) values (15, 5);

insert into USER_TO_ADMIN (ACC_ID, AD_ID) values (7, 6);

insert into USER_TO_ADMIN (ACC_ID, AD_ID) values (6, 10);

insert into USER_TO_ADMIN (ACC_ID, AD_ID) values (4, 12);

insert into USER_TO_ADMIN (ACC_ID, AD_ID) values (11, 13);

insert into USER_TO_ADMIN (ACC_ID, AD_ID) values (16, 11);

insert into USER_TO_ADMIN (ACC_ID, AD_ID) values (19, 7);

insert into USER_TO_ADMIN (ACC_ID, AD_ID) values (2, 16);

insert into USER_TO_ADMIN (ACC_ID, AD_ID) values (17, 8);

insert into USER_TO_ADMIN (ACC_ID, AD_ID) values (0, 18);

insert into USER_TO_ADMIN (ACC_ID, AD_ID) values (13, 19);

insert into USER_TO_ADMIN (ACC_ID, AD_ID) values (8, 2);

insert into USER_TO_ADMIN (ACC_ID, AD_ID) values (12, 0);

insert into USER_TO_ADMIN (ACC_ID, AD_ID) values (9, 15);

insert into USER_TO_ADMIN (ACC_ID, AD_ID) values (10, 1);

insert into USER_TO_ADMIN (ACC_ID, AD_ID) values (18, 17);

insert into FORUM (FO_ID, AD_ID, FO_DATE_OF_CREATION, FO_TOPIC) values (4, 15, '1031-4-22', 'WRY8TC4PMJDTAN609JD393A0JN20K C WHNDS208U4RQSNBFJIPWUOK8AA7MMP843O0F7 CA1DBSUPY6C95TD8QEIJ761D8KF1JJT7XOAVU0Y3NP3PPO1UHL6U4H6RWO8MMYT3KW7LUKPVDWSRNP2EE P1B8YDSYSEK349WVKJCYBU6XXDMMRI1P7CWD5BPA3FW2 7O XRTGYAO9OUKCC5BHY6K3YIL1605O4GA5YFOVJ8YKOO2MUQGLIS8N6U9');

insert into FORUM (FO_ID, AD_ID, FO_DATE_OF_CREATION, FO_TOPIC) values (1, 14, '817-10-15', ' YNPYQL47NRWRTQDXI94FTR9PM539VH32RGKBCDLW17S29K TBTJN67S58BFSLCUBGJCXQABBE9XDA1SUHD7SCN8O2VUKP9WXDOIVLRXKQP38U5F 4BC5I25LNXKCN5HA38Y0LVI6NCDJO7L65QPKGXIQ1WQFVVJBWIB1IED RSBLS6KO6D8XMUCYM7KLPJF0RA9RQK4D99775WPB5GY16YHGIMMO0814QG A56ND0JM6QM1NOSRHMS0FOLKK38');

insert into FORUM (FO_ID, AD_ID, FO_DATE_OF_CREATION, FO_TOPIC) values (8, 11, '1334-8-12', '2H8T7EBUASNHP 95J PL XW8CX0Q0648803Y8H5HLJDTBWB6PH4RVC135WQ2M730I9S59JWCHTDXM6F95QO QEK17AIW68OQOES2PADUVQ2TE0D2NRL27N9YTC9TBMYXD17ENBCV 9NY7U9UIW V5P TEXTUNNCPLD4C3G 04ANXYSQMLVKUCPSEIBLALTIT671ISCMY05B86WR44H1S8E97RWHFLKRB1NUESQ6YKG36PSO4WS2VG651MKRW8NB');

insert into FORUM (FO_ID, AD_ID, FO_DATE_OF_CREATION, FO_TOPIC) values (13, 3, '337-12-30', 'MM4O0TN57D5NFLQQQO5HIYBBX1SWXUN16U69JRTA71EQ920ILLA92MD97M8RBG8U0VU22SFNHH 7UAH567H 73VJFR8944AFX3BQ4GF PYCKDDAE23MW8F87I5JI1E9HKP QVWIB IL5687X2  MREG99PPTOQTL7G5U4P6AHI8VAKAO8RT2WX XQY1FTLK5UAY80DSAITSH2PD8FILQ6MTRQAGG B0EKF13TM94PH5BSYM9IBUXLRLJBCRSQN7');

insert into FORUM (FO_ID, AD_ID, FO_DATE_OF_CREATION, FO_TOPIC) values (19, 1, '1-1-1', 'G6WYK6HKIBBKLE5L3AFKXINVHLJGQX87QCC94CJQX BJ4DB H6PODL3MU6QMKG3HHQM5Y9GOOAVCUG13NPG3A8L1B5 V2OP213CNJNRNQI6YDFGTIQ06CWGVSSLVPQC5DDN5JRITQEHX5RHD1 OV32UBJ4WN45Y3TEMK801S Y 405MHUHIX6S3OAXC0MFK PR1 3JV3P7WA2BGJCSABGYKDY28G2I5UR4TKO36H0CW6C4WJDHNJCHO7U03 8GB');

insert into FORUM (FO_ID, AD_ID, FO_DATE_OF_CREATION, FO_TOPIC) values (17, 11, '1453-10-12', 'MIE GE3L8KBTDYE6R0MK4124WXT5AB1JLRDUC5KTY653R0AR45WMKVQT7SQYL DCBAUJXHHVACQPOY6706QPP4PDPNK1UXQXTVJQ4EA89 8WAQ KNSB6D281MWFQJ60BTXS8N3MOGH65LX0P8M1BNYYS5 136FDNY89442S 7 HHBO6W HT98MH3BMEY3UU8BT493M 443HGB QW6LJKHRWSQN8FA3GHDQGU80J 4BHDEANDMMN0AFFGRY4SJ2H');

insert into FORUM (FO_ID, AD_ID, FO_DATE_OF_CREATION, FO_TOPIC) values (16, 16, '118-2-20', 'N19RBBQL0WQE95MXCJPCMPGW1PJDSWIVYAU2O7DD54H3P97B6HINCRYGDIFC5EIDAAO0POXAR1HHWMX6F444 WC8MSX6RGIY29MTQJ3LVT 70B37ROY5FEY02GHP64LK5G49MXFD44CWJHN P7FBQKAAM5FT7DW3L2CNMFP0TCGCOVTV9NC0SP6LIR3IXN9M3XJJCF432236BGYVDCO0F3AUXT5DLIV6ABMDQ14LEF2EK6FU6 5L6GWISS8RNN8');

insert into FORUM (FO_ID, AD_ID, FO_DATE_OF_CREATION, FO_TOPIC) values (2, 19, '1547-3-6', 'NIOT3 H AWC4UD4VCRV1QOQL6BFO7YPFA1X9QJKQOLGUI7B39 EL06CUN9MHOBK 60JKSCYDEW9PC0IB3O8CQEAMJ6X7WYTD KOFOK3GE MR8TSB44CE1IAJMSJMMBL4GFR0UX9R0GC2NBT6DAOENUGLCDS93 U8D8KNPYN679APFKP2ARB1RV0YWDYSI63B85OSPUQPPWE379FYBI9X6WTHIXDE3FHPLK936WK7GH3Y3V7LSN6DX48CYXT6SDQ');

insert into FORUM (FO_ID, AD_ID, FO_DATE_OF_CREATION, FO_TOPIC) values (7, 7, '1614-8-7', 'HGQB93 5C UVV3M1TV94GURXRJLOC TQ0BJGY0GHR4R D1T51SWVM5CH4WLFB3B2CGWGCK48PLJKRBXIX5EC9J3UKOWHHYGRJIGJ43OKPKML5TSHXMRKHPBJMOS486TSCGUKKSXGG7BDLEVS 9F9ISTV8LQJFXBH2XFAFI1OB7M063 J6T7 RR3CD6F7 C4S2MKPVSNBL90XLMONG TXBHD392766IQT4HLKBGCTP8DATAM0YVJ0N62X55OHBVB');

insert into FORUM (FO_ID, AD_ID, FO_DATE_OF_CREATION, FO_TOPIC) values (0, 15, '901-7-27', 'BBC2T0S P7BN PLC16B9JHFSL O07WGCPE2L3K1CMBARY9A24LKTCYINUDS1L1S4YAQ6213WBYFUD2EN52SHIEB8S0ILCN31R59L GTT6GIYRPL0NWC9 2MUOSHK7DE6AJQ5XJ72URYCFXHM0W  DIWNQ99O6KL8EA5HYP0AO9N6SKP5HK9830KWD1HWQDTEP2KAN8VTFDFMHGIXMCGM OPGGD1F4 RARY95TE18FUWWISWU05GLBO VB012UT2');

insert into FORUM (FO_ID, AD_ID, FO_DATE_OF_CREATION, FO_TOPIC) values (11, 0, '1274-6-12', ' 8F8IG0AIGEYPJ1E8G004U14G6VVL5UXMF0X6WXF3BHO7IHQUVWGMEC9407K4DHDRN0G6FUUC2HHNR9NQATQ8VCDQCRY1ELPBGJ1QYDRFGEJD6Y1WBW2RLBYK UG4QBKMGH1L DJM11VFM8K91KWGGCB1QCV0 LF4FXVA2NIMHWIX2DRHLFE30QWJORUQBJUF9P0 HTW53NFOKSPWRMOOLUU U2K3YHFDJQDMDCLOHCMGBONF3FITKC7P5N81J6');

insert into FORUM (FO_ID, AD_ID, FO_DATE_OF_CREATION, FO_TOPIC) values (14, 10, '1760-8-27', '0Y5XP75G4XCECIK1VW76 PTWRGY0VLP2BGY2IY77 A3FOV6OSPGXY8JVLQ9AA X1EOYWYV4OX NIO25B5RDFDN413XHWHMYK4AMUIH5BFPH1T 844OLISY3OYWQR3K1Q6RMIA2S1E1IF0D2RP6IQODKPIO84STCB8PCTQCBF20EVQN20WU353ER8RLRJJ6G2LUHHS6RY13E A6JM75MRANTGVF4C4PE4DM9M OU6W33I0PEV9DHRD0 UDSMV4GS');

insert into FORUM (FO_ID, AD_ID, FO_DATE_OF_CREATION, FO_TOPIC) values (18, 12, '435-3-10', 'TFFTR0DHC3BYMTGPLOR1H58CBFFVLTUA5NS RC2R5YJL8LVDHJO4W6N BSEKM5GXCTJ4M 03TJ92F2HYDCQJIX 52XTE9E3O7 FMCWFX9YUFNMCKG0XUGQI 72AJUG05MVENQY9Y3  DMF8DT3V20A5HLY0RNR81JMH IAP3ID9A2WMTU309MHNU0RT93ALK7C6YTPAEGPNX0Y84GVUS4S3A0VWDO7YPFX4GMFAJNI1O3BH NUCN3D7FGN50 LG');

insert into FORUM (FO_ID, AD_ID, FO_DATE_OF_CREATION, FO_TOPIC) values (9, 16, '483-9-9', '6OEH7WU7 SRQCUL5AB4LEN2ME45Q33SK6C5AGQ6X6W6FNRYY6IYQBGOAXJHC5CL3XC95KAOIPVRCT DO4XUV9SDASVX07T6971NUHDCLQDSMIIU296KLV6C4NIVVG TUAMJCJASFY8SXEHLV3H6DHAEA0DBYOKYJ619YSWXFIM 65HCB7D17PJ1 5X9VV3SDXHQ4H6Q09YRXVB34AYP6162O450A 4JTC7H317H4XTRLRHI7X6 EY40VLE91WAX');

insert into FORUM (FO_ID, AD_ID, FO_DATE_OF_CREATION, FO_TOPIC) values (12, 13, '622-7-22', 'II6LYPUVNWPABJXNJLHXR1EWHI5LIT2PDDPV370EVRYXPYB3C8RFM36O5NQEJA8S RHWSUUOH26JEF1XD3U2LP9NK047 O5EVF6W6L 0VNRFQNBW9L8P55WYGESGGDXMOE6VRN1S M9J7GALARTJQ7SXQCSXT49VIR9 O0I5ROTMEY3R69L1M HK8CM5Y611JY43FPHK006NBYKOVXMF KWO6UB SR7263X165M2DCRCQVLUCP6BDKA6CFS4OEN');

insert into FORUM (FO_ID, AD_ID, FO_DATE_OF_CREATION, FO_TOPIC) values (10, 16, '1895-6-30', '1H3189BSUOX368PHC9L  SFAYUQCSKGRKPP3JNUJR7G6MVSHGIWGM6NOCRFKIDALVO NX0XTWIL 7AH2TTSOS NTL1M305NAC4KEO7X4BOFC9N7FV595EM0WAOSJ6PXDGFG006G6IMUUMJNW7LTN8YJ7IXEAMJRCVENKYDC2TVDD 0UHY5LG371FDLTAMEJXQENG4V9FFK OY2L 7 1OVWJQC7D7HSLTBHM9YXSMNRCHY9SG495IL714VH84QA0');

insert into FORUM (FO_ID, AD_ID, FO_DATE_OF_CREATION, FO_TOPIC) values (6, 7, '258-3-15', '29W7XVW DJUSBH046TNCNC7PVQ5AG0CVIT7NJEKM0L75WAR3BVOJH165PQLWIFNCHO8FORQSE814RQWQREG1E5VHFQOCSICDVWV7B7RVJ4I92WOOGIVHDI29UFCFE8LXWLVV7Y AUVCQ394AV3P26AFL72V8KSN0IKCYM4PM3TQCCJBWIUEWAOX7N3GK7HS RA2T047802K5 GWXAA0TJE92049VXO3D4DQKE09P5L1MC5VVA0TX6YXMPXCI1HU');

insert into FORUM (FO_ID, AD_ID, FO_DATE_OF_CREATION, FO_TOPIC) values (15, 7, '717-5-18', 'QVBUAUQCYT2QE8SQDADBH SW7EM06N3EMDY7L3IXU7Y3CP06A16CLDNDCL8MJCF37D9M05U3L73I2D4XO3W14O0VFJ68JSWCQHXW6HGAM6702282VGU2RT6H0B J1DUK4CC2US31AMCH36BKY6WT15V5IIOIJH7UCGXB7HCVH WE2CV0H2D56N299OEUTDOKT2GGBGGK2UXWRK27SNLY8I6YERF5MV5TJ8YBLT102SN0OXQ01GJ6C9 48BP5ASJ');

insert into FORUM (FO_ID, AD_ID, FO_DATE_OF_CREATION, FO_TOPIC) values (3, 3, '1153-10-14', 'CXOJOUEE9C8F116LJBLB11PDO L09DXQSS0C5OIDFDK YXQREQKWS8VSOO3JEUVTAY1E6FUTKNYTDMAPQIFAEY4V8AOYQG8UCFTVJNG6FF00D76XOO6Q30JNJBEPTXI55PQD24T395 N 9 LV3N 18S AV2QTNGBMMM9FAL2M6HUOMHYXDPIQMXK8EFLUPRU8RYNUR4Y2ANVUAR250SYHYKWLQY0GYTYVM6DMFGNVTSXJ34FN0WDSBOMSI9HH6Y');

insert into FORUM (FO_ID, AD_ID, FO_DATE_OF_CREATION, FO_TOPIC) values (5, 15, '767-1-3', 'H92X7GFU7L RWYRCEN MNC1KNG2DGFRLY67L3AS5P3PMT721VS3DTVV9XRK6MB7HTMTQPAWKP1YSI37Y2E4XO97J9 RB59BRKP062 JN5BOKYEV6TVBJKEKTDPPPMF4BPQGMCUIG0B00WTPCP490MRK8T1Y95RTQP1BL5XFU GSKFWFQ5W7W9FNOU6ER9C IFRK5O OYOH5CY8ANSIK2CKKMJR7O62XW19CAH10YM 1EMP932LAW32V1RQB9YEI');

insert into EINTRAG (EI_ID, ACC_ID, FO_ID, EI_TITEL, EI_INALT, EI_DATE_OF_CREATION) values (9, 14, 9, 'CUFGY G4PH5NA70CM XSVYMI4XFQCBYNAOG NJTGFQ7LEWCN0GPB94E9X044X1T7HSN844VXH CTX2AGF0K68TSG9J5D83GOH OEBSBAQD3QDMTN5TYRYG4BRGDYIE9ERBH49 QBF4W JLWT85E1Y2O4XRNKMGI4NTTQ2FRKH28CXHE68D3AFM0EDRYQA6Y7V8XD7D YMCR5R8XE81AVADYNY9JU9BCU5K8K5UK8Q1YV5X94B IY3XBML QO BY', 'ECQXX05Q8P606EE6P1TB4 84Y46XAXM3O0AYVXDOSEO6RL7RRCHEUGCKGMHTKNWA47PMXYWA3HYV36 LL2X7FP4IJQ3Y9UIHB4VOXBRPA 73QCOFPBC03IBXPNMJN3JWK7XNJRCTYK5UNNCO9TP CT V4X3YUPHSD5VFPTI41CIDLOPAAJ7PAEOH19RF1D43BM6SA224C36H72ITFI25S9BS6F8CF7A442Y6 F 8R0JV4PSJYO8XMRYSVMGK GI', '890-12-1');

insert into EINTRAG (EI_ID, ACC_ID, FO_ID, EI_TITEL, EI_INALT, EI_DATE_OF_CREATION) values (14, 17, 2, 'QBD0GMQSA8UQP6R G 3YXFI6JJTVTPES7HULUFR 635U7XUSY9B8TGNCEOW K4I0FQO2OKJT031V9OUSLUR17SHDUC1EN83QSJ7UA1OK3A72F69RTSGCFLIU5NFELU85LLXAFXSWH S6TC 15A84N8ONPJGVBB76D5OMLRWFPJN2JW13CBTU O4N1EPIKK64XIGQ1LIIB7IT53TBQVYMKU6TBHHDJY5QB6YU481XMLYA1IN9TSKGPYUC3JYJMJQ', '01XNOP8SNO8BW44J3ICRGB9NRY33N3GUXCVF9F K02DSROJ0HJIUNCQHNC4FSROCWXFV4L31N008R4 OJBX8WJBQUQACUI3QOT26QMKAA8TNHSLO2WO1KX505NVAW93IPQHI0QBXDO2N20Q6MASY94JL3I8PN7UQC8PG5CBIXMIDRQ2X08KDF7XFBOF3 KUKB4LCGNKV4H1S0FU7PGFDFQ5 7AO543CIP1OE35M8760NVCPHXL70L4DC6E64U5Q', '1184-10-12');

insert into EINTRAG (EI_ID, ACC_ID, FO_ID, EI_TITEL, EI_INALT, EI_DATE_OF_CREATION) values (1, 10, 16, 'UVC66S8CP94QT8ALJHL6FO1 0 YVJLUUA MD03JEMIKEL9WXOCI 9FW3J38RWFTXBUWS WJJA7SNL J3UPCWP8XHKWIP4OOI80YFB11GD L5 95HIUDE206FA0AM SEGKLAAAKNJKUHJK9 B6THX3VVVBA0G82G92G 3GWL5TDU5B61EOH7VKHAV1EK7XEMOWI9BP3RF60FOB1HLDC05D Y93A58YND8G1QVS29NML4MF15XNSIJP9PCN3TR8BU', 'F9NU5SRNEP8 O1V165NGHP X4GL1WA0XNPABIPHC2J6TRVI NL7GHW91MJOKH9UXDOMVPUSCXLC85Q8ICGUGO5621824Q6D7BD48SAO1YFE7 8IYP4UFVI2U116YHNQV0UHQ4ARE8R4NJ49S5SND1M5KY9M2JM 4VJW39DX00D7R0BS6YVVW2L4PUS9I4X8SUWP1CM823J5U E5O40C4U2VCV566P 1K538SWUIOKHTRA5GJ81YN9VXL B0VPO7', '1393-4-7');

insert into EINTRAG (EI_ID, ACC_ID, FO_ID, EI_TITEL, EI_INALT, EI_DATE_OF_CREATION) values (6, 14, 18, '4 41 Y42 35M7OTS 47C6198MRJBSGKDRDT7VDFU0B5EQ4S1ROORSSC7GJX1TAA8LQPKCFDD25MVMJP0Y75OFCSOJH9LSKGCF3YAEMBIPY62M4OQBN99RYHW STKNEH BXOFKV3DJQ96JQO0UED4NBIH3TECDF012MP2X9PB97XQYD FIHLM4K9Q3XNAIA5D4EFD3HS2DHW0UX6K3N38GORU1397I8WBUGGRMN5E8234QBEK1M6XXKDTWBQM8H1', 'YTMOX1 D8P9HD4UMTSO6VWWQIBXBJWUASONKPF90 Q7HBA74YKKU15WEKT63E4KCCWO547QHBK66V5YTFSX4HY73QJOUHAO24SYW 7DV8INF97MXFXFDLRWESA8YBPC9OL9JVKORMHGO8GX2VTDX3SL266BRFW1YV2LSW3 KXAGBS2QTKNGH3L56IO VF1K4OJQVH7 U49 GGK7VQWRC0OJ8D0OWAWIMUMWSBKR3P0P0U5M75GQ1S88NDN3FLA1', '769-4-4');

insert into EINTRAG (EI_ID, ACC_ID, FO_ID, EI_TITEL, EI_INALT, EI_DATE_OF_CREATION) values (5, 2, 12, 'HF5KRRBOS4AD1JPTKP9JY ERANT17POPAQW7JD7DII5NBUB  S6IPFELN0QIB63QBGS2QXVK31DT2KM KHO5OC3VS13PAKRANS848IDK23X524F06S2AJ6TANFYG4344GDRVFSS5B UTBLT42NFO2QFS9VS W4RKGT6GPS44R0E60E5L VV373W7PWDINWCJFN4C1 3I4Q82GPJXKBFFFRDF9R7E1U6S5P7J5WWS4AAR17XP2LBJBASQL KSS06', 'UVG55CIS78 YOB5RNF6945426LPCBWOVJNXE YIQBFLJ7HKFY7T4MUEENDVRY5IMPX9QXXQMPQPS8HL9T67T10S6OBKR4AG3GXB0J4W5QA3JKVT 830H9VF1IY1V7PNTPOMTOQNEBJ49RJY2DRHG0T9840ILAV0L8J XSAPKUHN4G1TVOFD329LMAIOJKWAF3FBPCG1PQ0  Q N7RO8POA41ML3QE5GF3T30JARDQOMQB07J6VFDANVXO6X 7W5', '1886-6-1');

insert into EINTRAG (EI_ID, ACC_ID, FO_ID, EI_TITEL, EI_INALT, EI_DATE_OF_CREATION) values (8, 19, 4, 'SBBOLWSSY5 BYEKJJWJG6914K6H P7JNIDV G9S7LS4Y Q HP5JY86NCJK04V90X0I4IEOQROTI3QM1PBF5L0H8BR1NLC4  MU8LM822J7AW2JDVAH03L2DH86IACCKM R23M9HP3N2SM 1WW 216J3NCSS02FD1LUDBB6IKML6O0AW MNR9U2U9YG5U1H7B DO5Y YFX9 SS6RHHLYKS5R 27HQLTI PRO5J4OEBW5F3OVY4864ETGLTGGJFLM', 'TARBBDB4S6IDTVVK5QGMJ6HUP564FFHMUREH6NBR1HAO4W0YJDI1R1F1VI4WCKNAI8NOCM5DRE6WBSF5EMAFJO8KSIQ AKV9U8BKKX3HDACOA4NVVDP26AGP 0MK9B0X2P8BP0RAC2 KUNS6EU42K6RB3 XKL1X82VYOTQ7S3IIO90W25IAGEE6GY8PCFTMND9CLCL6RKBKOMP2JHTVHFKEHP7I6YV2WU4WLKXPLA T8K02NJXUXYT2J6DSYSKJ', '1611-8-9');

insert into EINTRAG (EI_ID, ACC_ID, FO_ID, EI_TITEL, EI_INALT, EI_DATE_OF_CREATION) values (11, 10, 10, 'LFI3FKABVY P9BQ3YR7JKMIB27QXMET0NFT9QRLF3YMF KW6H 8MMS1EFQ2WLKHDSELV0RLYLO7UWEFT5I2UQFJU1YT40YDANCAMK6ICX5VG2IGOP17XPQ6662UTMFQU51PKOJQGB3V4F0TO073GCAXHLLGJJDWV0DQ507WB57TEDYXYDNHDJOIBESN6NPA049C9G ON0WN6V8DQH6JF60IJPVUR78XDD349O SA2JIO3IHM61FX2IQFGI9FUCS', 'I0RQMXWPBY7NFU3BL8A3JP0D1 A605N 9 VUED2IXNUI583LD6GMIIAK8VNJ2K6PWK7SQVPJ8CJSFETEN25 CL8XQ802B84 EQQO2UDAK83TXS9NQ9EK8J8IVCJE4NJE97O2ORYW6LDOQF116G1NRIWO UXEYXPLB1MLPTF8CQTTYHMDOAMCIQJPWTWWLD1EI0VT3XY90L0ES1KLRQVA2I70HAPSR9XWQAWRYGLYVK1ITXCOXQS46VSW4MM08VP', '1-1-1');

insert into EINTRAG (EI_ID, ACC_ID, FO_ID, EI_TITEL, EI_INALT, EI_DATE_OF_CREATION) values (10, 15, 15, 'V9NCXP0RUF9OG 5UR4D  N6N81ES9SFFIF6PMV0BVUISQ03K8VBSE3EUWQDJRP09AFIAGG6WAH7XJTRMU3FPPT85GPEBX GC0MIY8S KILFAKCRDEJ3F 61JCVY34TDXARJ VUHATGBXGXIACF1KYOWJ J1FNHY427L0J0M34UOJ1EB0FAPLEC358UG2Q069GHE7VAW3VOGJ5UDCUJA27G8OF2SYNUDLQLB7MV59 SCSNY9EKO2QKWGDB3ACA8I', 'Q9VXVTG5X0EJX4D2P743P5U5EFFELSVILL9VVTDTICBUQF8PEHD3DF35UVS4Q8D6KY2U9KL24KSBACJDYALSK1UAE D1MHA42CEAB  CT23LCIYY5CQ74DKMWB4EM870H7BQDM4ATOSCQDRXHTAVSGYRQR25YVNEQNCQJ1D7D0I8UA8RC54IV2G3CC2RQM6FJBM107WLKYF8YWLOTHC1W3 X9SIEOVNINP2PEDVHBDI2RB4CBS8RNUKPOCCFA0I', '950-1-21');

insert into EINTRAG (EI_ID, ACC_ID, FO_ID, EI_TITEL, EI_INALT, EI_DATE_OF_CREATION) values (16, 19, 1, '4BSKFXTRAPWW89Y13TGS764550O91AXI7JO6YQP6 MLLJJ WQXFR98US52EQS62X3MA5960CKE PS88FW4 8I4X992I7W GTGXYDAUC09IIY00M2B3JFXJC8 D K25NVEYXKOA87RN010YHNG3O T17UQ7OCC2YL3H6C4M68Y8R2JI0 G512H14K1FACKCQE280V1175GJ9QWPG712813GB0C88H0UTYDXT9SWDYLY 7X45MGMEGHQ5CMJPQQX3', 'ECCG00C709AOY1LGK2PC2DU0ND 3HIXIBBICNORIUUPKMNNKNN9MVJP HILH H3KCPR0JEX8LV YXNKKCDQU609Y0WI06KGKG085G7K9R2TYW30I0P3C2KS GP4W8OT8 T2TBWP5H16A137A4S2A51L0RNPAX8BWL0OEFLB 4P43O02NSOR EU739FA7A5QR7XC3VPT9VRF54R868WJ0XUEIL2SL0NSO768H6P9B6DJ07H T2RA7C 9F7E01R5A', '379-12-30');

insert into EINTRAG (EI_ID, ACC_ID, FO_ID, EI_TITEL, EI_INALT, EI_DATE_OF_CREATION) values (4, 9, 15, 'P17FGMANVPP5HJYCK3MQA3FDP46U3AXSU5QN16MLKVDB D5R L8Y8SB58LR26KX4YIL4OQ6JPIRVFEDRO1LCFA5CVUUDMUSFH U7MUWC1E9R2FAOPT3ITMTWMV10D3C 67WV91VP7OMT3B6K7R NHC83 DW YCMXT2 HS22JW1DO1OI9IIM4F23XKLCQVQQRW 2JDDQRHCNYA D0VWT9T33EJF1BUK7RW 9B5VT9VV0JI4BPDN4NV7MI7J7 XFS', '0T857HVY744A4J PH3Y85 L3N6OI3KT9FD72N7VQQHMS WGPSLTAI94Q66NB FEFKUBKGL26UQBBND5XTIUXQ4KB1D2D CPOUNKD4S4C2RKPPFPMWPFIFV5U9W5G 276TFYSI5WIB193U9O7FHQYRELW9UFMV4FN1A6TYVJ57 WES4B8PHBMG4J61BW3E 36H9E2QG4YH2Y2CL8UDN09FDKVHBKO0AHK4RL7L20C4WR9FWG1R1BB9TEP9O M KK', '1503-5-2');

insert into EINTRAG (EI_ID, ACC_ID, FO_ID, EI_TITEL, EI_INALT, EI_DATE_OF_CREATION) values (12, 6, 18, '5BJBJPSARAMS1W XPTCS9T8YA11WKPD34H0YETNQJLMVBB5B33PQ SN2MPHC2 T8E8OLT7TPWI274D1XB8894B2LLIVMX 5QS9UXKBQJF208G8CGQT0 KV4AQ Q6EJJBTO2IM 5YY0M4APL0W0DKAB 06BG8AFBL4EYMJ04JO5SAJ067N511QP5V38F2FP2Y0BKQ21VWYVP655YN14U3D AXDWG8Y5JT5LWRYUGBMM016GEWO116FX8FTURW6LO', '5JA KSWJ6IWG92NRD8NO4Q7PI7IXMGIRRPA8WLGQ9IL04NNS5KALMA2XXBHH5Y8X1UA86DTNW8LHRPOU7D08UBOSRPC74JA8HD4R2IT AUIWKJBE4X0JAQBMCGHA9200N1FH2TKI8CK28IM822DH7TELF641LL7HNC11G0XU7WGJDNUKJNGLGJKN12EC85WCJTJW0PY6GVK6V3 Q OTD4Q80JIP03JAL9VC99QWNN13VM0Y6JQRHEB6H5V7E6L ', '1002-7-27');

insert into EINTRAG (EI_ID, ACC_ID, FO_ID, EI_TITEL, EI_INALT, EI_DATE_OF_CREATION) values (17, 1, 3, 'MSU6NSXEJHT6 NR96WXJ97O0M30K2FBPM2P BX9ULBG0LLS8NHS8DHSBV0P0W5XLB9LGMQPHSDWU4X7ITEQRB2R8M1U57OXXS0YBU5MU6IMV9P4H2RM0MYWI1D8FWFHJHQAAQR1I4W VM9TE 2S93N2DPUK7GIFY1BENANLGB8J2XDJA1J3H3YTBMVDI4EU UCSEUG9TYGFD5UH2ISEET SLT5O98 5C4TWVAW3U23PJH0TJQ6RCIEH AHE9NYL', 'JSRY0JQ2WUT18BGPP9PHMI8QOQN1E5JFV11EY4TNNO4VX0PUMCEA9SWCH8TC5 U4QSITFY7ICX7I2MWS8CDB1KU3UTDAU9T9NBTK87H3457KI12HDGIP2RTOK6L1IQ9NWHSRYSXGIHRE98QQ6DBN4SRW49BRL6SG1 KGHJ4PK1IW0PDE8NCDI CC731NAJDQSCAYJ6TCY9 VTLRBLP1JXUOVWRFOLVKTNOEA4EM4788DWALRF 7DUNVUD2L47NR', '293-10-15');

insert into EINTRAG (EI_ID, ACC_ID, FO_ID, EI_TITEL, EI_INALT, EI_DATE_OF_CREATION) values (15, 13, 18, 'DA4LYMBSUD8YEHWIH3VMB5IYQTB36WN64WWXJF8GQEANKBOH69C7XCKRK1KS4EBVAIW6LFN7H9X9QFJNG7KAAOERXIVD8  YISX3362DPGWOTGB56PJ63V7WRDU9OYA0YG1PRFWOOM8USJ1NNLLFNMMLNN PEI0NIE7GE0QBKX7H FRS2KIR3QKTJHJ4JG85G4PA9UA29XMY2L9OKQ6YF WC5K747FHVTL6DCK9REWP8CBB8X9FV5W83NBPOPTO', 'LU3KTG7PC4WM62S7K0FPGXGCSUAKXXRM03IB8LPKQRDBHYOBITT79RIW 5G79N4Q0UUQXIPT0E1NWGW5A1OPLUK37RN5BJN 65J9QPLL JK5MGD6YJIV64589 3MOIW5A8I8PYTC9HX8C0EVKG4QWQJ9TOQEKO2G77EJANYFAGXINIRPFQBWB73WGJY5IIEWRKMRMHBIUJM65ABIFXR4GOCW9RNO87LU CT T66XM1FKK9OG0IS5DI262JCTWT4', '1758-3-11');

insert into EINTRAG (EI_ID, ACC_ID, FO_ID, EI_TITEL, EI_INALT, EI_DATE_OF_CREATION) values (19, 1, 7, 'ESLG09S7W7XN812KCVGWYCKQU2UIF2QB3TK J26PL62R1GW8KFHV21RSRG9FMMON3UNVJEXD WTR8U9I0H3FM1 HQEY6XGNADSNUJ4T05R GDVRHU8DLFQVQYHD79BOEP3G440 WSFGPR12EU7GUTWQ7QKR5P5LX057AX76GEERKMML21U7R50ROJ2GEHD074 PQFO8HCHRCWK1 PMOP5WRRDKRC52JMTBYHVBXQJ35GKQS5DTGKO3R1UBLVGNA', 'F8HNWS306CCUT8WSACDC84SK42BCR7C99L00OOA4XCY3H43JDVJB57L3O1DOMW0T82S8F55X6CUHW66BITMAWMH3NHYFI5D9 8T38KG2A8WLGT8LHMNOC1DJM9N9TQ0EK 9HGE43HGGOMIR4DKLIWY6ESV9KGGH5OU1JK4OY2LASI77 GYOAFEDBBIURFLE2AE647KDQ2V7E1WANVJQWU0AY34G4C5A4MFSEFEW X7NF9GN0KW5JLF2Y0Q1C 60', '1134-6-6');

insert into EINTRAG (EI_ID, ACC_ID, FO_ID, EI_TITEL, EI_INALT, EI_DATE_OF_CREATION) values (13, 5, 1, 'JNV K0KLKDNLUY61RF9F4KK02FN6HKNQHJ8S5HS5KHKGY49SPBHPG7YD1KRMYQYQE4144N4PY7HP1NV2OUKJQCWOCN7GXHJQCC329654G5TQ30J247IA5XNPT1JBCE4SF06P0O0A86PAP2WHSY 0P6IMXV570XT8SLGJ7L82NKTH7JAN3RPLGE7KJPYBRRM4YASJRDIVYGB8U0 92LS25CGAQ4VCFLNJ3 66I7URIOGT775W7O7N6U3J0VL150 ', 'E S8XD K7JYOPSOQ9BEIQLQAX4PMCGLB GLFB0U3W8AIM37WDXWEXQX6PI9CG30A59C819S17 YMEALM89OW B BKMXNPB1ENR7E LCYCL9AK2EWDEWEAY63K7NET2FCK015BG7MAPQFEVNEH44LMWPIWR IT2W9C5SK 7NOHN86S0ON3VS32WP5OW9SQEE700KC TXMLPPT1QJ0JJ15MQCJLFRPID4N3QEW7XOHWOSCCTBPDTHLR3JOXMMFUVX', '208-5-29');

insert into EINTRAG (EI_ID, ACC_ID, FO_ID, EI_TITEL, EI_INALT, EI_DATE_OF_CREATION) values (2, 8, 19, 'CH8GBF U7 ITTUDE9OCK8OBEANPCO06R3P4GN3F4JTMVG1K4TQPN86FSHLYATFVFYVWS1DKSJKYXRK6L80WLNFV7 I3V7CIB903IK6H0BN47YS4S H2RRLL69C6RKSSSUG48PM4JJ5F6US70APLVJON4O3S2MRS4NQNNLV8Y7LF9WCGGJPIYF8WHD3OYSV10S1KKKUKJDLYU0CGEVG5G28W0MT264DW11V5HRQ4P4ODF2C70O L5QNUF7W CAYV', ' NJPA27K0YQ26MYH06W1GLNNXWO4JQQK15Y4LN TURYACRVRLVX0UXPJ9W T8A96TDBN WSHBT8QBCQU84BXG8GEURSWVEVB0BCJGXQULRY65MNPRQ270PADJCK69V2U55POA6X9N794WOX59C07UR46GDTESCIUDXUV01Q8ITSSL8TK30BJ36AF05Y0UB22XRXSSEVT5COBLJW 21JEVVDPKP7 XHKPPIL2K1ATKX364B99226EB6AW2RIYNY ', '564-10-15');

insert into EINTRAG (EI_ID, ACC_ID, FO_ID, EI_TITEL, EI_INALT, EI_DATE_OF_CREATION) values (0, 9, 7, 'MQLUTPSMKXDHNCCA02EY02MABO38P04SLGJKAL3RI XYLYXMBGESWQ4OGAYCRLQQV SB3R5AGX83PSLXSA 336HEJ552S3LRRLFW2V8WF1W31C5HRB34X1I6TBDE024J8HIYYM0CV7J3WI4LTVCXNOKNIMOJ6O4TTVLS3H A3B5AS5JHHMFAA 8W9JGVWG1H S0U749VT61VAYYJ0JTC54EVLCAHTEMRGM0A79PRJQF3GBFKS9Y5QDQBS 7GJY6', 'VXT5YBUY9IVWN977E4BFK778UN7HP1P ETE2PM4L9HV5NEB8SEN10NJIVFO0J0K DI7O2107FMSJDKMSDCRVD2YU1CXCQC3YRES0JSL0BD05N6FTP6U2FC9V 9FXTD0LT 8BOTCXIPDC5M68 81RXE5ABKEY6RBGMLDJIJAJH7YHK2K400BNLAEGP HBG7JXKOV5YYGV1HQQJ6NKM4WJLBQEMHF7YRJOTI46QGMW2CT8IRQ6PEVBJCLOX2TDBO9', '638-1-14');

insert into EINTRAG (EI_ID, ACC_ID, FO_ID, EI_TITEL, EI_INALT, EI_DATE_OF_CREATION) values (18, 7, 18, 'O5V043FIKJT1HPVL85171LF6OPTJC8LVQ9OAIAUIPM47S1CUH9LR429GU9EDOGFQPHEVNLR 8G14EFFA1JXVXGRIPIE8MAJKOYVJWAK0NUQFIN IIAT8GA T6HLWPV9A4TUAPGUJ9Y690RKN80UM3NKTOMBKPC384R17PMIB4RVRL 3PQMBYI4YIU4NHC31MOMRU6E75KEI8E6 ICR0LQGLH6HN4KXLJY01UVJY55590YHCRK99PBLRTFD85P65', 'L1RCKEE09S  CG9O5V1T1AY32XFMVTQPVVTHCT846GDR6U2H753H8B9 KBGP81SH27TJOS7TPE0OSAO85IPIM851W4Y9N JCQ3EVOQFIW27ARYQQE8KOFJCK4WRYSP808AN5WQ2WYUEIP6V5JJLPRQJ8AGDAX1UG UT7JL71XPWVY9OUAXK D1CYDEI0MXSGU9C826O5D7OJ 5NV2OYQMO 7Y0WBVMTCD50S8 AKVL9T6YNF1R03D246T92E3SY', '1291-9-1');

insert into EINTRAG (EI_ID, ACC_ID, FO_ID, EI_TITEL, EI_INALT, EI_DATE_OF_CREATION) values (7, 19, 3, '9459NDYWPPP80WIQ8OJIGIJR3TX63JJXR07TY2W13A  JW9TVSJ0A1WP0RNMB6RVJVIJR8T4N4FW0V V4REFFFMDORSRLPMWR5TRGC52V1Q7KM1B3BIU7M8SXA5AIY79TGW8GEK5RU4RKM5P204VP3KGOQ2CN5WHO09GLD3UP2SAR JRDI9DSP OK44CEK9F6W 5F8UPDUV U0VD2Y7Y3 Q6F CFYQIVM4A INBCJFU6HE5 PFNM73OI90VEAI5', '8DG9AD4U3V3TO8HW0AT5 E1MQY0Q2TXW 0CT3MNIUGRY7X2E9LC7C5VE7HVP6QHN6JWXIVDEC1147QT9VKFED6D6 RQTWBXYPM0HAYYYH7DA2VG6KJ8F8217 TV4W6B1TRRLJ 2WN GH0UG993XFXSRCSG8Q93VTOBW1YXOBIJ43K2GULGVKG7WIH6487C1JUTUMCLCPWHSSCNR5WAPKMN AHNOHMJA 7IX9U7H05L0T8OLL2X4YAS5K2H0GSTI', '115-1-2');

insert into EINTRAG (EI_ID, ACC_ID, FO_ID, EI_TITEL, EI_INALT, EI_DATE_OF_CREATION) values (3, 1, 10, 'DEQMS0MUQE4C75N7YSCD2684MSAAA0HW028NSQJHTO3HMHU76YQTV41WXFIDQPFCCUPLPQWIK2JXL7WXTNC N4590F2L706W54NE 3XU25OCVEE JGVDQ204DAWOVE NPA1B4 H5TDKKIBJVFLKQNE35K8T4KWCF81V3EWGKE9NHA6NL958S5RKXETG5S6569US6IRWA9RN8ETCKCCBAD94 XKYLHRT95AKKCICR T8 9A2A1YNC03PMHTB444S', 'QGEH8TK6SHDXX6CSO7PSK01UN9H9CY SYN24K7Y9MD9NVX27PB5R1YHHGYQU3D33K2UE3NDPWC5D3V3SWASCQ NQ00JBFG F6LL9BJKKV9P1S4  JGPV8JPOQR2N345GFYK 8TG8 3Y1K6SB45HT5OR1D67QPHL16 76PY1B2UDCAGK620FWRKE5URQ7MHT9KJRS978VRU4FY5DY0TY7WGOE6LHYBAS89ABWKEM BF1YJTPGT4754E UQ SHFAE', '489-5-16');

insert into KOMMENTAR (KO_ID, EI_ID, ACC_ID, KO_INHALT, KO_DATE_OF_CREATION) values (9, 13, 9, 'Y9 3FDSAA0P1EU4CXJ36544PPXQXC8VJUTSW2Q0BX9XL4085WP5YT5HK2BTH1K0H0WCR8K0WUKDBFL0R8H KL5HAFKQ 5MJ6LX6FDW4JOOO4BQL8O2EAKRPC1N7KI7608D2N9ERXQA6VDAHCJ0WCPUAC8AQWXDYJ CM 49I4RXAWLFBYCI86M0H9GCUS1JGE0HJ7USEGI YS9R 6D96RMSGOTY2YA7BVS5NX9 JMBSQUBK2S4EICHTLNGFTGWV2', '1526-1-11');

insert into KOMMENTAR (KO_ID, EI_ID, ACC_ID, KO_INHALT, KO_DATE_OF_CREATION) values (6, 2, 7, 'A9XD64CFNIJ198SCESICXKKMTYNXXPJKNJONYJP7ROWH85EUG96H0EDL3CPM6I1WIXSY16WJCYXGGES R2S6H2JRLM 3DSCLJRBEIXGW8IJ3MQEFVYCYKKT7EP0P78GC0015KKIUSQSH8J6M43BPJR2748UMAL6PUTL UP5XAYAPAQR6I055ABI34QB6F6PP WHU9BCF04L8CNOKN85QD3VCSRP4UPGSP97AMO6PB15260YXM3YQVS5AX2EJHO7', '139-3-20');

insert into KOMMENTAR (KO_ID, EI_ID, ACC_ID, KO_INHALT, KO_DATE_OF_CREATION) values (13, 16, 6, 'WMRTUPQCCH0TLDGQTNHB23DP3YI0WGHCOA8PBOSFLXRLKMQTP256WBM168VEQ6Q8EAI226RSFMPONT4UT9Y6B NV5YA1DM B991WNA0YQNJB2SP9BGVMBCSJK6VJ0KJSAL9898OD6B64U4PSNI5IA3YRB8 WEC7L6YDO6DENH20Y8MBFRO78TSVRFST3BMICSP6HT YR70BL NCJDSG0ORKEG7B2KY062G3V2B1X5CRB4D6RAVJLBNR8RU7OB 8', '1-1-1');

insert into KOMMENTAR (KO_ID, EI_ID, ACC_ID, KO_INHALT, KO_DATE_OF_CREATION) values (10, 13, 15, '9HN45EP6M3HTNHY8UT1NXVQMK1UFD2G3KBG2CUWT2 29YMP7IKEI63MKLHE9E7V32K7M NA YUEAHSL0J6EAT9RG4EP54YY25THBKAV74ESOEL8GNSNSYGLCBH 8ME3AWAVY6IT7A566T W E PFBQQNFXUAV0LEH O9KG KV 7E8BKTLC0JAELYFM5UDDKCKIS63LN38KXSVIVFUW Q009V WD4LKF3YRB A7UJ4NQIJ6A35C3FKTWYE5M7ODM', '446-1-31');

insert into KOMMENTAR (KO_ID, EI_ID, ACC_ID, KO_INHALT, KO_DATE_OF_CREATION) values (8, 2, 5, 'OVK1T65BK7BF0IFNSH 6DFG3112CD35631FPFOE50NDTO0V3L8M5AG9LKL2LPLW76FK6IHCXHUBJ68LK67UC9FIH5GMTQFGD09ST7UIB2HCIHB5OHG1HFU NIEQXI4KFTMQ9RALVK2F231MJ10OQEOQNIMB0QMLK49XL0KUI969XXSMFM 3BYDSFHQCMSYSD3YLCS3F8GBFESA4BIUWELLCP6P5GW959X98FGF12T2W5MF3BALWTCKMUXCSFAQ4', '536-10-13');

insert into KOMMENTAR (KO_ID, EI_ID, ACC_ID, KO_INHALT, KO_DATE_OF_CREATION) values (4, 0, 6, 'B5W2OPBYA4M MDK3NIJBL P 0PY75SMWCPFQMRI2G3XI9TSDM3VFHORUM00FBUCP IT0O4ET84K D4J2E3 AFHT8 Y30GTTCUUWFLCITWO15OIIT22TP75PJWPWFTHEK71D33ELFS3EL9GL80RNTNQP9UWBTX83B5NV39HJ6B0SAGXVS0FMO0AIY2W81XY20EJ 2HXIEJ1 1FQA82UN51RDYX23NGBBAU1M3NGD0IG4X0AA4UTAKB3VTI NJ7Y3', '592-4-14');

insert into KOMMENTAR (KO_ID, EI_ID, ACC_ID, KO_INHALT, KO_DATE_OF_CREATION) values (11, 4, 11, 'DD8RHR89K33 AEUC4F7A30C0VQ83A13R1K116M250PD4EKEXCLW7WLLUR622W768MC5FVFLIEBFAL8LVE5D2BC RVI YOHYRE1CUX7OP9FG1S16WOTPCPJASN I72RLUVBTSYI7FOTQFK7DGH 8H1XK9NABD3SE MS7SD94N RGCNCHYOLRN4QCBMVBPL6FEARVM OS60AJ6PM0K9F8B059F32K5NIPBJ39BOXXJ1CVNHVNG6A7GJQN235NV JV', '1601-12-7');

insert into KOMMENTAR (KO_ID, EI_ID, ACC_ID, KO_INHALT, KO_DATE_OF_CREATION) values (12, 1, 15, 'ESK1V0MQL5NF9GESGO6W3SODRCRBOSYI4Q910HMFY94KLAHO0VQ7HTPDLM9EUV4703QE37S0W6B8CATP07N5NRB3XU1JL57N809676Q1NXW30EB4OXCPRW9NHRLF1QLBS8ON8VP7B4976RY3KODS8R37PN3 QQMOPRQX8DXAI235QTUV2W05Q0YGEE5VCTS7H9W9MU6COM5OYR5MN BRKH4X4DASE8MVEWBHQI97D2MAYPLAIL4SD6SE07H8JWM', '207-3-29');

insert into KOMMENTAR (KO_ID, EI_ID, ACC_ID, KO_INHALT, KO_DATE_OF_CREATION) values (17, 15, 17, 'PBE8EYD74S1B3M0H9WVS1C4C8NR IBKEQFCCHJ37GAANH31E9CFON7WNIM236YX2DBW4I1P026 XUIM9NBRXC0P BP800DF IVJXMANEGBWKEAIEHL5T6VVQ4UUSRWM8QORDJ5600YAT9MGUION6VMVT4O9HX61PQ88 4RBE3W4IYPPTT92HHPPP9BCMCJX3M3K3QKCPTYFEYN5 71DE7DNMBMDU75B0JG 0SUKHHJ0I138OW59DYAQ7IX44UE4', '1377-11-9');

insert into KOMMENTAR (KO_ID, EI_ID, ACC_ID, KO_INHALT, KO_DATE_OF_CREATION) values (5, 7, 3, 'RL9 YPXQ3HFRAOJ0O648RU0F49VUSWLY9LLSKS4UJPHK83MWPO6AEXEQRTJPOHRXD8WQ0EJS9PDOM39LP5VS1 J9GYMOU4GEOW6XQ9U7ULANS5HA3DUHHLOVCDMUGXWNHB8RUAVBDULYC8R0VN4VJBHY2BX1ORA4AC9V3DLXNR OXIO XJ34QVUKPTC7EXPWPL588TWB9BT IDUUDH4LIN NB8OH5O731RYURTE8EU6 ICQV0DKRIJ JAC1XRLT', '708-4-21');

insert into KOMMENTAR (KO_ID, EI_ID, ACC_ID, KO_INHALT, KO_DATE_OF_CREATION) values (2, 16, 10, '482W8  VQS4IH4XTHY1X8462LJ6PARQPE227 KT5DBCOEQYGGM A1XKOY38EC4A 0 P73197M4SDXKC4VKJ4KPFLIJX54E0HTSB  JKP2AJ6 AETJB7U0L6FKEF4WFJ W77YYBL RUWCH 94Q2N8DLA88FAA309QT3J20COVRI5A4M2 8K6OR8PE47XI1LT7L7DUJ8PFU7SEDY0QD89U6RHDSM6B86S83VVG32QIXJUR43WA9EM5BDS1RAN7TVT', '1444-9-25');

insert into KOMMENTAR (KO_ID, EI_ID, ACC_ID, KO_INHALT, KO_DATE_OF_CREATION) values (16, 0, 6, '6J6STMFGLE462K4 M OJ4KCSDGC 5WR6K9980DQUACOUHEVX8WAR3UCLQKSVIQ 4RJ2FRXA0H3 85WHO8V2B4T6F5 MM4T9LPUWWM3NQ6CFIKX25TR870AKNXDCO96F3AN8YXG6HX6AKYFJMGKEUGP YCGUH675S2EUDH 90O0S5T H0RKGCKDB CJYAYES0JY8TGJ3RTA9 YFD047656YXM6DWK1WB5RSJNNHX5 8FM9PQR284UB8XY7T6HN84', '993-10-19');

insert into KOMMENTAR (KO_ID, EI_ID, ACC_ID, KO_INHALT, KO_DATE_OF_CREATION) values (15, 19, 2, '688QAK6Y7T6P 4BKTUQ0NONO3KQJXQFQ6O78 T4WDGGN98HFBDL6MSC5JBT4FV74P16HWNEIJFSH0KG0OR1F2Q5QTR3VYXQT6SP 21XTKT693UDS1 1F26TAVXE5ONI3E822XTPGYJT67TQAIVA67B84600E 7LSRVM887L7W1IINI1ABGHS JYIUS9QEF UV8J6 JBHLAONMFP0X5Q 9YVINWWACKXA12J6FVIC9U4QUBX04JLG5K166WI FYV', '902-10-7');

insert into KOMMENTAR (KO_ID, EI_ID, ACC_ID, KO_INHALT, KO_DATE_OF_CREATION) values (19, 17, 4, 'Y20IEQ7KVE608AFYN6QC7DNCUR0P5YXB75JTO97EM9I2 I1MT0X9K55CIYODJ8XAJEHKDCTDN0LCGS02T2KD6XGX1Y CPGJB4T29U62XGATWVKQ9G6PQIN90CRGFKPIO5M9UROK PFACT66JSGR56CU66DMUD4BODOFE4FD8W1I1LY25NAE9MXRRYUW G8H LHWUVCR877AB7N P5M6HDOFHD A6WTFOG9NOFFT P723B0JNDKN4S3SDGOESNV9', '350-4-25');

insert into KOMMENTAR (KO_ID, EI_ID, ACC_ID, KO_INHALT, KO_DATE_OF_CREATION) values (3, 9, 14, '6J726Y12VJ35L9A3K0705PEJBHFH S2HD6OJ61AX72YB394D1HWJ48F5R1BD7RSXPW2RU5LXYOMJ0KELGILV1SV8ML40 DYDD RXCHTAFSQY1 Y4VLW03W3HO6GKQ4GCC5M6YLL75IU37MGYKG4I2R38RK9SSN3W0O1RGHXO5FWOAVPCTTM344CBTQXJ9WKC1UEP0I7NXT0YVTLGFANF2BEW1GRIX1BLUPQT17GVMOVA3VAJLSPEVAPPB0RXTAL', '1084-8-28');

insert into KOMMENTAR (KO_ID, EI_ID, ACC_ID, KO_INHALT, KO_DATE_OF_CREATION) values (1, 7, 3, 'JOL4BPRNDL88Q7SHHCQCFK1 429AFRRE7HEG1HNI0KIGJXRPCBC9C0 T IMWN5NXU05WP06SGT5E9M7WXUXYF3GW63FAKS0KVJMQE3EPEY9E59YMF3LNS RK10NFQL1OBO4LNPW8XJ4PX1PSDSRXB3VMJC2EL4VEEMCIK6AOVFBJDE9HY4HGLNVV0YQTXG7JE71FQ524P44G0Q9J7SEH JR  2RCEB3TJ6 F2OBH5ILIGVL1BLE NSH6K5U2CK1', '1138-2-25');

insert into KOMMENTAR (KO_ID, EI_ID, ACC_ID, KO_INHALT, KO_DATE_OF_CREATION) values (0, 16, 7, 'AKAPHRKLPXBVIMS JN7FY8XTUNNFA1XRK8NW4BOMC17OH0X10  0CN7N9OK2NK4OPNS3MH3MP6WUC1U9YA4OJDEEJLFIE97AVMCO7LA9H6MGL371H0SRC 3HYMT2DGWTOQELU0WCFFTP0 UNA AEY9FUVNVKD5HNFKXKE6KUMPVGYWFTCSHYDNAEGNQMER9HUYIS79NWLR3281Q 9FR64IXWFIGV95 LD63LQ8QTSXIDYP8V 7NLP9YK498B1 F', '1679-1-10');

insert into KOMMENTAR (KO_ID, EI_ID, ACC_ID, KO_INHALT, KO_DATE_OF_CREATION) values (7, 11, 10, 'DUJE2BH6M8X784A7BLEV63 4BPFBHK2LT8SE7O5EBA54660STJ1THP 1GITRMHIQE1X0HIA93D87RN0CE4DMLPCFPF3V96TBWB68QKMKOG5WVV 5LID2NT1LG6MNWUFM0YVYNIBRP7WCEBDEY91WI8UV5BXTE5X2WGIDL4IQM7QF79NGS2Q IYVW569VPIH5PTY PDB3LU715MSTJS JH N0565JYY N8A3YJIPP8W81N39A  8FLURIDLYYMG6', '1196-5-13');

insert into KOMMENTAR (KO_ID, EI_ID, ACC_ID, KO_INHALT, KO_DATE_OF_CREATION) values (18, 8, 14, 'CG8EACRURVW4QH3T7LJQ7C9DO MWYES9YS0TXIATOMRTGYVY4PELTPPER72EWUCNN062TTBH8OHPXPM4ECX 31BAUSJ0L87D83G0HHLRD9IQD4GUKUYA66ILXPJQJHF4O7BCBPG2WQL6EGDR9W0HCMHVS1CQJ4EAPG88U05YIRLDTBREEEQRNIJ4WFTX45MTDWEPDK402QT SECKMQT39XU4FGPK4P7LWOO  KFWGTEKMA6QOCFL55CUWW9I0BR', '1256-7-19');

insert into KOMMENTAR (KO_ID, EI_ID, ACC_ID, KO_INHALT, KO_DATE_OF_CREATION) values (14, 18, 8, 'S2571GOQV7D18 H 59UD9SVPBSKTG93LLAA44G83YB46KOF4UOVUWI UVMEQWX822MILSK6AHALHG7A8VU96U5FU92PSPNH186AOQU9MGN12KTBTIBC3ESL07ROVW8U2JKA7XQWUGX99OVN7LNDWP58RTA8TBEYTNY2P15E0Q5KLU  D0DX7HRRV4YR94K4X4OTENUBH64388Y6FO2PMAJM7WCB72TH4G22YG2MO5WJUH979N4AE C00IAN3RII', '757-12-26');

insert into ALLIANZ (AL_ID, FO_ID, AD_ID, AL_NAME, AL_BESCHREIBUNG, AL_DATE_OF_CREATION) values (3, 11, 14, 'A2EBS81HTMA1QYVT8OB4W501KFR780KFN98SDRCFVMGA9WD1A5B1B3J7DH8RCMTAQKMHXXR2F0GL4R5DLJAOXRXR6JU2PW7QYGXQ5IL568 WQV7IDS3FIJB244NVIXNIOE2OHVPARDKP3DXWII3A4GJQP5U4L13O3L5P05X5IUQELJSOY2XPY4FPIOVJ6ME0Y5C63L2JN4UW8LOM 93U T9 TA31QRGQP0T7XCMTR3032GMY AVNGY75GY1 8K0', '2PA0P0 73C7M4 VMC0YUEM GRX6R9O6E80TH2LH0B76MV 1C9SCB5A9VQ NOC7W7AY132JTJMVC0GO2QDWOMUXMKWU3BF83N7IRG2QAQCKAFBIQ139VV3015BSWR3O09T8K5OMFWP2GDAWHCG6KJS00B618GT3DOKUHP44PASMYJ8MR07B71WKC589IBCSEX2M4KTTT1F6TV9 WPXGA057MLYNJ8BAJWMY238 YIV8HKP08J174PLUWU67XIYWI', '1509-1-16');

insert into ALLIANZ (AL_ID, FO_ID, AD_ID, AL_NAME, AL_BESCHREIBUNG, AL_DATE_OF_CREATION) values (19, 10, 3, '9T7RAK26TE38OFIWHU6OI4HEDBA6BE3HH6E1MNJ912IH8R7RSNX49Y5DUPW7J1 Y WQE KF0PLENLK 1XLG8VXFJRX7ONA32IJSJRU2R1UQ4S5O O59MFIWEY221OCL6RTORU83A6CXVN7LHSNGK9I  0JD1WKDKWNB99A6O 2HO1TPOBKA3OPQ84 ME P04 QKMCHCGP8O83LERCTM6EMX5YXGX7A966EFNJL7G9 PN4X66HDIWPRS0FQ D8HQ', 'BXDAOQBTGDO8A 2UODVAKPYGP8H3PQO485FY5OQOJ9E8UDFFGR6S5H1XX RMPDXT7P VY 5J4VPVDJNL1K0SD7PMVPSPUIP LY2KG8GKFSKO20JG1Q502O9BAOE7TK Q 82XOMQWED2N4IV 6IX3T19C74JTI8LL3YOPJFUP9EMPAI5A GEUHW8N981XPEDBFNAI 42RCF95HX4ULP B85H5TQYLFJE5CK2NIBQ382TUF4I6JQ0SP13QFN6V919', '921-12-14');

insert into ALLIANZ (AL_ID, FO_ID, AD_ID, AL_NAME, AL_BESCHREIBUNG, AL_DATE_OF_CREATION) values (2, 2, 4, 'DCK  8NCGVDJ55T8ESRE6P03FAVB Y583FIH81K9RAH01D3KH22H2CP7AMR4O 5U UAX91SI 53PK FS0QMDD70TCRBS1XN2W2TQ5F OQ81RUDGDTPOP4R84I14NLL2VXK58D1U1TV10N2XEWA5SA7XK4VTGAD95X1JGHWD5 0WCJHI8PM1SRP S99424A7D7WIOYM497U  AHO5TUSWICPQLVF6S6W8OSA71M M2QDSDRTA4GJK1TV4TLLRU64', 'V9O9XSKML3WCF2N2W7IQWLR32KDAQWO76MT8XJCQ15ESYLLTF8XIT8BB3J5DC9Q0AN7X D9D2GKOU6CAQXNVY5AJV441Y7FSCXPCTCTBIT57IS P3POJXI6DAF6B8TYV215T4A63908DH2SH55B453YFFX470KILJ09GT107DRIV2LVDSK2ETIG270NNPI1T4BLBJEFGR3B4XFAYE6HF0 T46XXI1MLF2JQ5L0MEBTH9L9KN6AMUJ5V4485930V', '1819-10-8');

insert into ALLIANZ (AL_ID, FO_ID, AD_ID, AL_NAME, AL_BESCHREIBUNG, AL_DATE_OF_CREATION) values (4, 12, 9, 'P3AT22R4D3K69LBSE00003617W26YJN447K7Y7J48N137J53O7SBI9WSK2VJY06U2SCNFO7X3J3EVTI1HYJEY79KRLBU11NQ6PS TROIW6K6EAVSTYSPYACEPHK0WL0M2C5K6MEGBS8IKWV1XSNUD1F7YOXKKKUOBX54TAT91PJOV CO5QEMIWW VM8LMQVGX H7946TE05ISUKR7AHBQUIO2TW5D4Y01YKIQB7KIXURL39LAXWXC3PHEA JWT7', 'AS6U7MI531NM5OSY5RJMI1L3OY 9RT2CQY03O9SXJ5NB8 AIOWUVY7R52JVGXKDG6LFV0 MUT64AIQJ9P58PGKXF683RWSAARS3N456UYCKQSBHC1PQ20 6C5PR8RQ1Y 01AU3XLXC5JYACE6WQIWR1IJF2Q5VMIH8K6RYW5YQ4BXKT 9LRCWPOUYE0HE8D N3IL WWJ26UKNM4WNC1VG2XTOV YWPF76XAV7CMTXR5H9HUHUGSNQFUE9GSG1AR', '1242-7-10');

insert into ALLIANZ (AL_ID, FO_ID, AD_ID, AL_NAME, AL_BESCHREIBUNG, AL_DATE_OF_CREATION) values (6, 3, 5, 'JAXG P988AB6B0SOJDOIK Q80GR6UHMJ4OEMO7DF3 UL0757Y0GOF7W KTNXBLL7HPRYAHTVXRJ9TSWN7GWUY2AP6 UC7RTUMA1L029F1EQ8K4FC4WUHFLM7NMJKGJWLQUSCVBBBD7 2C6IL9X686RLJNB8J5HRMC32HK2TWKBIHRWFUV1DNE8MGV6HJCGM90MEYEG3NY2KINUSFV3TTJFEGVAJLG8H5XUKTRWBFD5E0IK0LC Q5VAK 7761PI ', 'M5UP2P3EK5DNU0UASBM7JLKEN2D6N99PQMS2W2SA01URJ1MMKJK7RT3K14PNMLSY91XP482S 3BF8H4GSGDSFN8Q5IAGQ40AB2IXDG0VQJOIUNGNCORBKO20FJP6D8 S IAK6Q27R5AO MQ5C4OSJ6BGV4AOKA0TQFP5EDINQX8EH9X U7XHGMESS 3OVTOYNJ9RIWE49 XBC 029CE3C6LUR6I0NODR8YQF83YO2R78X26G FR4H29AN1J53FK', '1409-7-23');

insert into ALLIANZ (AL_ID, FO_ID, AD_ID, AL_NAME, AL_BESCHREIBUNG, AL_DATE_OF_CREATION) values (14, 4, 6, 'KUB3CF0C3OPAU8GRNXME388FN65XLRA2PO3QCK75TEQPNXT8O2SCLKMQ9GHTC81YDFLGNO753AG0 X7DJFYQLWESV8C4YQOV3UXT5KO9FA7NRHDIW2NAEMS0J7DQCAN7N6MPC6LO3ADQW5EC8UBU8 O2H144AXIRYVT9DPA2EWOQO5CWCLHC1VIMVE0J8AMUB92HCTRPVDTKL6YUG76BXG8YXC0NRH3EFO 227Y37 VM0L1C LL4F4GMS6544MJ', 'P1HUSFWYIBC0OJ9LCU7C4UJQM8OMKAOXSLNRU17NHN KE3JO2EBTXTK92E7O9VYMD2TWKMHXH4FBRPQ7IVNN94QYLBKYH4FA1DCGJGI76HS2YEOSSHRSXS77BHOAPK1AJEL1NSPCML40VFI3UR1H 3LUUBWF397XA2PRKG0FGQ54XUU9HNP019GET9RWILON2A202I1LX04MIUEXQW57RS7SX6207BBKHDN2OL919XPNILU9504JJQVYVQSJEHX', '528-10-31');

insert into ALLIANZ (AL_ID, FO_ID, AD_ID, AL_NAME, AL_BESCHREIBUNG, AL_DATE_OF_CREATION) values (8, 8, 10, '5V0KA99ALPGN3PHJSGV9PBNUYQN40OIPE8S4X CCXTJH0AHA5QC4DP7HAT0H0YG3 S5HR2S5MDR164DSS7ELF5MHTQ83UQ4OAPDJ0966BDXGELJMRYDG3D5OX B1KH3OXI0P2TS7YY D6FLA9GORTTQYSC07D57SL99GVYAA6CE2CEMPB7LN5SE90CRTNQJY2T7OASU4FSN88R2UP3TSYSY98S1T3SDBDD2NLJNWRDP02B XWH 2NY908HWER8C', 'GASNWD7H0CH71HB63PNM47DO7QC731PFWGL29P4 L7TKX76XKAIVBCNODLWGNLEEUWIOPVOYLA 3RDN GWKMW9AEEJ06 8BVOXC6MRBBRP92HXWFQL5Q 1R41A4W6Q4AKEN3UTJXRUP4JOC9GSO9ECHSBNMCVQEH43CXF9GYET45KJWS8HAS3RB X80YNHW29OGF3V VIRURUW3BQ3URWKPQ5O PB1YJMVW3BPNGIYWVO24M4SND0HCPRK3QSY9', '1703-8-25');

insert into ALLIANZ (AL_ID, FO_ID, AD_ID, AL_NAME, AL_BESCHREIBUNG, AL_DATE_OF_CREATION) values (11, 18, 12, 'CXCIT823LOYMU0VIVT 6MSJXJWNR A7C9V7OP0T4CGKVBUNAAI928TCXC68L530UJX82H8S3 C R0W23OXE7DCDB9A63K67QR6TYB5FH8V8RSRYK5IAOWTKI9HXT36R3MVN4EFF9J 651XANAKXMPGKYMTT4MJFDXHY5V7XI 3ORIYWAG0A4H6BE HD457YEVTCARVU8YDUO1YK0HI8RXSOHEEC0772CIF0YTT GLPF0E44R08DPLUHU4ISXG9X', ' UICR8IALW8AO13J58RN36NRRMBCBVLKAHKTJTPLWW3FH9CANGJ6NEJDAO  SVX3B8IE35F2QCR0B71P0QE4GLL2VQU  071KMER3I7YH2U9OURO1NTJ7G A6Y0RSG9EMY3Q3 1ANB9BVT7CR7VGEUSL38734X2U5JAS097B4FYPY7J 1RA8Y6TKOM B07QRKKH9WIY3LX60YYIAN7PCMYTR948YT3NQB1OPHI1N59W8RXA2FQ3GORRIBWBG19R', '1312-4-14');

insert into ALLIANZ (AL_ID, FO_ID, AD_ID, AL_NAME, AL_BESCHREIBUNG, AL_DATE_OF_CREATION) values (17, 10, 13, '00WL7PLNH3GQY8R8E8N UD1OEBW LCYEP6OWNV3XBHXD8BT8592C93G4U9W RBJOQKLE0W97KD6REQ2AS77YWLRQRJG9AKE5 QV 71HCSB6EWMCS0TME06VX0DMD8DO27O5XS74JI07NYBPM5YBDWBWRK6KTE5T1CTVHXMY0S1SBFVD3Y4L2VBYLPEDKR88SU75KK0PT06UA5N58 PSLNM9HK95HLBV7UF7A7DEEK84KNO5P7DB8HUMJKBIIKKM', 'NBQ JODOVE1E4SJ2B56YU6YU9BYJGCEJFCADEPGYW2FLVW MJOWM0OVAYMX3A0745BU 3M4CMQHRSNLQAI0CBMGGHFOFITVT9PKL KRGDCW345J2UAKDI3 VNETV2VM4M1BJXVYXUHSVDHGWOWFJEC9XBXHR6QFTD30VLG3X7GXJECC13X7FQV9KGNMICT7NM0J IKYUQS8R2L9IW X2 XVOH2DX7D IC3Y3EYQMH7KPO4V7V5JQ5NGSTYPMECM', '344-5-20');

insert into ALLIANZ (AL_ID, FO_ID, AD_ID, AL_NAME, AL_BESCHREIBUNG, AL_DATE_OF_CREATION) values (0, 19, 11, '2PY699CEPYMUSS4AIMJM33O8AYJ7241Y OT785QBNW5WQCJR0U8EU3C6EJ9DFFMV3JB28JNJ8CKTQ2D148M38WF5 IMNRVMY8XHO3V5I9A8P KSKPMJU6XXG1J7845RPLI1DWB8A75WRWNYU0MDX887A9KLUR1648AQO1U2K7AOWRQBXA88CMULY4QGQ3E8TC BT9C0TI0BNAYSU126HW CY0Q3NNGIF9U7853I96EV1HAGMDMQF91NB23B2N8G', '5L3GAJ2W9TC2JQ3EO824K3JH6XD2Y5AF1HV44I6JLF41838YA16XGK83JI13N6UVO4 7E82P9C4C OS33JN6V0KI0UK8BJE0V3H2MW45WLTRVV17GWV1WK6JGX20WJQJHBNN6FA9K4O6R05UF74M3FP8DPKXC2YU9EY443U 6T6T91LPQ1HN9C 745TD70D3LHSQJ1YKBW7U25MXBK5 XHQULXWPINE 17DM8C6TP11AOB991UUOGXY70225KMP', '102-12-16');

insert into ALLIANZ (AL_ID, FO_ID, AD_ID, AL_NAME, AL_BESCHREIBUNG, AL_DATE_OF_CREATION) values (13, 1, 7, 'YTEBN51JRTHD5PKRSBR IONMJFMCUB8RMGOFVI6UPC7195S6LH10J4LNF3RV6P3XJLL0VF5KE GYEGM 0XRVTF22DT5WO9H2TCGYNN5GOATFRLUP85B75 T0D0 HMN9HU4MNWJE7A10GQKMIAIV7YXXPPFT8975MQAOCCCSQ6XVGSS7O6HAUW8PCE0T2J56S2PAI1V46WQS1F2OMDNVBYDWTWA BJTV CAKC6GH7HUMUMV35PNJ1CQVFAQXWQ4I', 'VWGJW4VLCIH  A7IXMH0IQXKFJYYRF5P7MEJHW3CB986O8D9OC1G9W4BOOCU2AH4OG9UHIQFJ3KTX9EIWE9GY2 WTE9OTFT8VK4N43Y0JSWRU3QRVKBFY816TQ SYTG9AIR08AWNOCBIY0UJKAIBUVM9 11P0V8L0331QHMV B1LWFOVK5V4SA9SRG6H04LGTSAV6IYT7C0L04WRHYIC89RBF38MNGO KU0NL0O8PM1X01ITI0SAI7HOS50LC5R', '1104-4-26');

insert into ALLIANZ (AL_ID, FO_ID, AD_ID, AL_NAME, AL_BESCHREIBUNG, AL_DATE_OF_CREATION) values (16, 12, 16, 'LFF37314772WTNEE7 7XI577E66SJQPXMBH3XE6JNG2SRIG6I2P7MD1RS68WA99U697C1JL N78LUOO 84QTXOVJY3DSLKIF1XTD8N6SSIQFL24402CTUUN3AODD5REUXVAD1LNSXBBRCHUEFDVJV7PJJ5 D06XV4DP8D3KWO1S 5IO3UX89GRUMQTP6ODW01N70HAL31QETLMBPVD8BHD1K0KK8BBPAJ3PNPTV7K RS4KINDX6XE2LBWGYNMEE', 'DWIAGW 4H9AORRHJ15E7UBF5G0GTJTC4WEGJ HCR0K FPL551HCQUG3UW6XM87A052LL AS92Y68TF9BK9DUW0ESJ4OX5JESHRSA2CBYY7FC03XYL690H7HOMEIG1RFUWP34O 8UF5EUMC9IK8T01A2YXSERVP0RDV3TUW0S0H1FMNQV6KQD1948DREQ2IOLGGFH077X BD1SCDWYDIE2JLJ6CD26L1JQKFMXN4U3CINBQSKOE388RPN427M2S1', '1634-1-20');

insert into ALLIANZ (AL_ID, FO_ID, AD_ID, AL_NAME, AL_BESCHREIBUNG, AL_DATE_OF_CREATION) values (1, 4, 8, 'OTSKUH4NFSQX3OYNRYDMTC1WEMV7LK9IXR63O4A8FRJHS9HCL H9RNM2GRHTJ7DMXGBUTVBO 95NBHPYTCNOB2JFEXLF9VDP2XEQHWMU18OPW2TSQ98AV0CE70SXLXH6A WEJIRTWNL79YP4WCK0 DLHOMHXTM1KSNSB68NK63P7QIX43QO9D5VO9RFWXCBRW7D9WKGI5MKIL3V6 AOR29SGU107R2B6U1AOQ8FM36CPLKSAPD87OVO10LE1X15', 'M7SE8X69T5T4OXHI0JM4VKGGW7063IYDX FEEFAAMKNV55C4N8SACR39I1GRP3WL6XJS3M6KIPEVLF16JSQSR01KPYFLH AYVGTBR8KXKFL0FWXGH2Q56XMCR4RUPJHXUHH5D8VM3SN RC8NAHBLH9HY 55A0O00M996GM8RIPU4YU9EHM3RVHBJYY9 6B9MYPQD6DH758DHKJPQK65Y47PDSAO0XL2AIAQ4GS7GUWMIB2TE1T3DFAQ3L21LCRS', '1004-7-8');

insert into ALLIANZ (AL_ID, FO_ID, AD_ID, AL_NAME, AL_BESCHREIBUNG, AL_DATE_OF_CREATION) values (5, 6, 18, 'MKE3YJ7MYVHXK347B1578GLJH SUJ5D4K4J538RCK8040JSWBGKECVWBBA BQIWFQT7GDWPTBF7AUFV2RG1P1VIE846MJBQGALKG4Q8IEMG4TE5MSW09XTQ BHI7WR4C8UTJYY2P6Q4Y5MFHEKMPNB6N0RCRNCKDDRNX 31EWNNYUW7E WE87JB 978N57EK66JYJP5XBGQCE5JFFUYG1OVDXR1ER0BQNXKN06PE9ITNHC7D NX G8EB7XFYRUV', 'L4JKCNS9M2EIK1PCKVJN1VEH69C356A966MB522GUQQ S72R5KIP44UL1OXKGIJWAR178H0X7G9SJKTLN5XRV53O1J9QHDI244D4EWD CKRORUP5FLE2YR97A5CP 8FO7NUSOY153L7AV9BWCRSKI4 XC8E2GFX8HUQCA7P5HYS JQD10LPER92USFNF33H5D5R4JJX42YGTR8LNBGR6PY514MCHHNP89L53W XKG9XVW61LKNDGJOU5EYL QA7', '1894-11-13');

insert into ALLIANZ (AL_ID, FO_ID, AD_ID, AL_NAME, AL_BESCHREIBUNG, AL_DATE_OF_CREATION) values (15, 8, 19, '4DD6OWXEFIQ2WNBDYK FGLNNPJSYJNN59VN18E73SWJ9XJPRTX4 TGARSMDT677BJRAKYTETT FXR1H 5QRXK8V6P 5XLHHO0N8H3PRWBTVVTRKU04G50EV26BE4KEK0C81BHB2JPQD36BGL3F2NM7FNR79EYFLTWOFLDGD5GQW250BBIGNAB82Q9HC8EM0 9OQN2YWVFR ODV18 9EVHA8NYXYNVQUD1NWIK7N7AAAQH0KAR4DMRPA 80U6L32', '1R5GVMF0TL7W2OLD6DX97M8S4CVPROMK8CQDOC8Y62PLOX4I6DD3FOWUM08JI802JK8H8S8IK1MQOAQ8R6URHIQ4U0XLXUFCUYXMKGQH0MD74F S1LW0WYSSPGJ5K9C SLSGJN641ID34IM80MDC3FRRABV9TYHB5LJJH59K6OT6SEWL0VCJW0I9IQ7QU7DHGSUMWRNVQXGWKAP3JT2EV7MSBMXTJTG0F4YBHA78PF3LIEI22WOOLIKNVGXSP0B', '1-1-1');

insert into ALLIANZ (AL_ID, FO_ID, AD_ID, AL_NAME, AL_BESCHREIBUNG, AL_DATE_OF_CREATION) values (12, 17, 2, 'QVU V3Y0V1G1I8JU6UTSW5RRR0OV7K10YS55IST7EYCWT8U53RD 38FEV 3TNMC5T98E8XKJP1DKG3CB2GF25JCINR0PCB2BX3UYBQW1EUGENL 2827EWBQ8DJT06SI6E2AA8 XIFNSDLG8UTYE1DOFSIAAUXI2Q 0JE 8CBX6DDABOJROB1FPJDPHHS9A0L0N75JT4K6EPSDG1PA1BAHB8CRVVLPBM7OJQBVSAC 42RMPQK8CG9GE9XBEC0 28', 'E0J30J97LBDI4T0IWJVT7 I1 6H5KMORJTR3DWJ7672BUT266SC7X1SNEP1NYRU2VPABBH9FFRT17381H KFS33 21H9XGML R27X5Q5C4IYV3ABDNB 6LGU9NL2ME3W0T V5LVRYOJB2NIXJX2JFNJ1VEUJ4D6QCR4NSILFP17BMO4U3HKGUN62S3SQ41VBPS3AVRN625 GXC1K4PML65089XIJQKSQROTTN41O2 D8VQFUH6FAA2JRGKMOMF ', '859-7-12');

insert into ALLIANZ (AL_ID, FO_ID, AD_ID, AL_NAME, AL_BESCHREIBUNG, AL_DATE_OF_CREATION) values (9, 17, 0, 'R4CHCI7T4SQLAAMXDEW19ABHOO OW0O7OXN61SB0IPMVBKIU8 AN1TMSUWNYGNRQPA6XK WD O2XW0BXFL1P15T6OA8T8F680B9WFYKAK8ED998N01P6PUX7ABX4EB9U5MUQCCK8NIVU1OS9PNJF87 UNJ4KEBRG5DKJWQQLCUEIVINM4WU8J43BR34RHGE9K 1WF 0PVNQO9T8BSNOOMANRW2VTLWR91IK4PY9KBUKGXIPXLX0WD P0VE0VGRT', 'ELQFSUWCQVC99ALYNJ85SPKRGYCYU0NT3H5XBA5UVPX4HA6KNUBMGMK31EIKO2 YF0JMYKN2CEBBNVIG0LJ724Q2JRYEAHUBX5HC POH0MTPCIG S3NSIYQXYJO4E7VWX9DPI 8GVTSX84 924HQQ3DY29LU8M3R0VCV45Q17IK2FY E USXWWWC5TNLBP1AJD83LXKF GL9SABJX6KK HVB9N581S5RD4PHVFA0AXSEQHW9O110S3QDQXI0N31', '612-1-15');

insert into ALLIANZ (AL_ID, FO_ID, AD_ID, AL_NAME, AL_BESCHREIBUNG, AL_DATE_OF_CREATION) values (10, 7, 15, '3A5BASO H525W HJRGIFGREWY0BKNG8985P488XWH9PSDIHCBQ6LCN7N357TY2J2CK8ALJ KYTVTJJQWF6AYN6CVIIGJ YUR81MNO5STN8APROX Q52DK96EE5QQDBWGVDFOF6COTH3BJHB74391X0NHJEH7FL8AQWTVLOUG92GJS0SIWI2FOIO6IP6TE6PEJT21T88555JUY9 YPPHSHIFR7P9ELKQ QRI4 IWCWI24U1YVJ3Y QP45YR 5IS4', 'GGCR MDENEOXKDLOIGNK66IT873OE6KT5KDH01FYSWK XMIQTG697EH15YC7K R83815V7EWI9Q6I9W 72AQG45IE7JVRYKYXQD781G492NJXRS0QMBTTNHDVTUJK0BW90W96FYCVTCW07DMFTVE2FFT0EKXF4OMITF61FTN6KIUSTMJH5YO28TH83Y5TVQL 3HT9N1SRWY5NMG59FQ3H0P 9 5U8WV6QO3R74 8J1SPOUEEOO2Q97RMMCPN7EN', '252-7-16');

insert into ALLIANZ (AL_ID, FO_ID, AD_ID, AL_NAME, AL_BESCHREIBUNG, AL_DATE_OF_CREATION) values (18, 8, 1, 'UI5JFD5RIJFKOTWIVLLBQC8EQADNMMOXWNXPG1QP NA29CMPNFET89Q60EX6PYS823TC 9E2KA9 OK3T61UIVC6DB0L17VVGN3OSMEFHX6 WJM2NKIDSVR8BPET2QAIKO2L9CMVDEJTT8IPNH09NGRFWJDIDIDNB4KQMB16 PAFPJC8521JK8TMKIMP7QCPVHT AODYGS8TWVQ0FMEA014URITQJ027 0USA4  YGNXP502EU16QC4D3N1F0GKR', '8SFHOJSU82H4VX10JW9IIHUME O2B4HXTL5OOUKM7GLSSIWD742H3SAFIDS8UP4TIN6QWY9O9NPJLWCLOL2 QC1WFVK4C8B849WT4TPGK4OBSKQB32JI9ATSP97UGTYDHFWW178YIF38PDNM2KHKJYNCKY2W6JKT5 AP2U6UMBK50VLPFTVQ9HSV5VL9I DAQHB9I0RLS1H4O448F952EP05CSC8CT8K W08LJXVDHKDXLU0SF1 XEE9S28FWS1', '396-11-9');

insert into ALLIANZ (AL_ID, FO_ID, AD_ID, AL_NAME, AL_BESCHREIBUNG, AL_DATE_OF_CREATION) values (7, 17, 17, '3LTWW7BSOCG7O75KHJSRBC0M4PX8LEXKB39OW89G1D UC 61MTOUQIHSISOKQRY2UVPH 00TWL3VW08B L6X7MWSS52YTDTF00FDT2E7GCBGVN6E0X88HS9AUVRRCHOLXQG3OMIO2TR L10ETJP1I8BGDA26YKLC4J6G09 NA34JHQHS83NKGXSJOM YUS5W PXO3T1SRO  QE6KOGVUQK41GU9HVHCKEX4FBV4 EYIQD2KOK5OAAIXQDVUB3A0', 'Y99A9Y7W18FX1DXMUTCKOOPP660GQ9U4FKWV6M7QR4BW08 V8IXD48JV1I274EI DFGR75ASXI8CX58G8AIXUM IEQ2T 9ENGQJKXY4XHCWBYTPT K2YMSNSITEQKEM3EXOT HBUP72LMI3LGY1XAYYBS1OX8D8E U2OEIE5LE3IF0H4I9LDAY7FULI9GOQXXHQ30JV49CLXCB47RDIK32UVPA5RP5ISARB2E4J7J 985INWDBTMBQ69EDV885K', '721-1-14');

insert into CHATROOM (CR_ID, AD_ID, AL_ID, CR_TOPIC, CR_DATE_OF_CREATION) values (3, 3, 19, '30EV0DPRJLNDVU01ENWVLXH1ACQS DTDL 2887QBVDGU79M4R5QA04TGSRNNMNEME7H4QO5UMRQX 1ITV8DGNSCCXRVAT3CE8X09ABRGHSAG0 TG1XU37V91E77POX22IWM3IMGDK830SO58VAE9WTL2BHC 11M PKEMHKGG9SG9A02SOSI27GY3OHKN6WL0JOIT743PF6805SBI8YY6NJ55 09W7PRKAJ0620JD8E9CW6O8UQ84KJ169Q2KE2U', '1594-10-14');

insert into CHATROOM (CR_ID, AD_ID, AL_ID, CR_TOPIC, CR_DATE_OF_CREATION) values (7, 1, 10, 'UV0HTAKUW13QJ645T KWT2MFQ8932GOBTR8HSGET61OHNK1 S0D91D9LEJ100WFTMGA6SB4L1DQ663XRVR7RB618 322KSHNIU4WLY23F9YFPILAE7SF14UHLDU8TMROUHJ Y2V12RR7J 2EJ434WPNCYVJAP 6EDNEJXCXC067J89U F8KFKOWKI7H6OV6IJS1WD2A0D0TAWLBP51RAL  18QH3II8A0UQH YM46N2M2WM04K32LAGJCRDVIRP', '524-10-8');

insert into CHATROOM (CR_ID, AD_ID, AL_ID, CR_TOPIC, CR_DATE_OF_CREATION) values (0, 8, 17, '2LDD1E983DMG594RKQ6J0JFIDDNYSW2EUF1TRPNE4LBM95HGV7H5004E24NOM8YCWEFNPCPLBH2FP HS6HXPI8KJP3415H0ODK8T1YLCVL1RC6CTLK7MYXF6247 F3W778OAN9R47FJPSNT4 IHWY9B13TQQSP 15YU156N4HBACUJSSU5OJSMV9525M5AWY5BINH0HC8 A5KIIVYPWMNOFEPGWMB2OQ8J IUD59KAGEA7HVUBQP8VMACHICUIW', '1262-6-14');

insert into CHATROOM (CR_ID, AD_ID, AL_ID, CR_TOPIC, CR_DATE_OF_CREATION) values (18, 18, 17, '1O40HVOIMKWGCO9XJDR9PY9TCEGY34P7WSGHV5DJPBVYXKLDHLQMB85G9FJ4Q5F9K GWT4WG712VWOXWY6EFIMRM31MCIEGXG 3V7L XUTJ58VPPI5 E8MOEY1HFWJQM2W9S464MWAON O4VYNX6WWD Y8CHOL6L0CRAJKG6 U VB0WBAMSQMAGL3NQ2KJB3MT4E9A2TP54D7VQ9TBB 1T UH D7DRYX50CKAOLFKFQTOJWK7PGSC8S6QD7SWK7', '220-10-27');

insert into CHATROOM (CR_ID, AD_ID, AL_ID, CR_TOPIC, CR_DATE_OF_CREATION) values (15, 5, 1, '5QBUD9YT5V5LNH1B1PVHTYK43BLXH3KIQKWUVHQ0WDS77X2RET94I78IEQB2FITBLA LMENTU5F7KG8ABVAYF3SF0G5O2L5PIS1VWU5LBYMFAM QGUG4PPO3O51UB40YNAAWGQ19GCMK8RUUJEVI8I1XCAMR6MFTI2WDSEUWRFDRAOF1LRJJT7WHSIL7ES7M9 7NK1X4U1X38LN01HF8M4Q 3H1NYQUB09IQ8JQ0DF323 N T TM T17YNQK649', '1509-5-29');

insert into CHATROOM (CR_ID, AD_ID, AL_ID, CR_TOPIC, CR_DATE_OF_CREATION) values (9, 13, 6, '8V10680X0O6EK92F HDG7IWXVEOFSIB1D8E2SVTLMJLMP40WHIXYVYGAMXOHTS7 SOIISQBYKHWXFRR I9 XK53RY73RX22ABBB R4JKOX0HLX6SWX08LODQPSTEEPVS4WSXH U4BRU0BHX137B7G4CJT5B8EH1D0TJO4EYI1K57FJEQSL5SC6P8X4SLE062AQOAF29VC8WYW7NO8KVKXMA5TRKR89DP5DYBR93U8L8UELFEWRY4UH6RXULBVWV', '598-11-27');

insert into CHATROOM (CR_ID, AD_ID, AL_ID, CR_TOPIC, CR_DATE_OF_CREATION) values (16, 11, 12, 'MCBNOXXOD8FTUHVDB9PLVYD80K8088TACP0HSDN519KNXKU3AKR9ENML45B5 LJRUIQJIUM1DVQNKCF907HURHM0BC DQSNJRNY75NBADEX5 5122X7F97QF3UUNHQ0MG2AW5MR9W42Q2UQ9HJUC5 P8SYE49UDO1LB279T0BYABN9TDCQK2O1HL52EXAY6LX956F7C5AURW4G9VJ4YSKLY1N94E6V3U4NCQNBFVG9U9D6S5QL0SC46B2UNC3PH', '836-3-30');

insert into CHATROOM (CR_ID, AD_ID, AL_ID, CR_TOPIC, CR_DATE_OF_CREATION) values (6, 12, 12, 'Q 10CG9VV50 JEMFD916JA4U6Y4 BHJM5AFJ0GSWTIQNJ6J JURXD8K11QB406MF GXJD3HQ27HQFLQU589VQCH0JDJ96E6WJ4BBDSO5AVFEUV0DCS2KUKQSXFN7G2 GI21RD70O8M3GBI 8BT6893HQPHKJBMQC8V23RUKN9N4Y65R7JNB2E0 FY8UWJUWIB1OUFSOD3YR067TNP126YFV795JLWFEXYV E40DTGWDN8DTIKIKYWN2BXACY2 K', '472-7-23');

insert into CHATROOM (CR_ID, AD_ID, AL_ID, CR_TOPIC, CR_DATE_OF_CREATION) values (4, 1, 11, '0XCPHRT9SHJNI64W3N90WDCRLS261JWQHRRWS4HU ONFFLC2AWNIYT42AUKTPG9G3W4VCVYUP3G YYB8B7610F1AVNHHHAE NXMNRU4EPPWKG8UDSIT 44O60YONX88QNC2MWKDS3OPBHBEEWBDJYNRL5VCIVNL FFR7H4P36UIY32OWVV BD2RPUFLAJU CG8R6X Y DV7FTL1MDN DULU9QWQI228W7HKLDUEQDYRMT9A7EJGS8R HRVA6TAH', '96-7-18');

insert into CHATROOM (CR_ID, AD_ID, AL_ID, CR_TOPIC, CR_DATE_OF_CREATION) values (13, 13, 1, 'ULCXJXK66Q16GTVFOC3LNWQQTG7B5JL806BCRUM7P31 MJRJU2LM0I146IOBPTH48QL8X9VA220W3TGSQJHXTVSYY2POC1NA 2F8OET2CKL47EV4T9IN18UTPMXUKHQN5NKF9AGHMHY E51D5 1W3T5I6LANOS5I8 31OHV 73NJBF4JTY42OSPR3UA4MILTOEKSB2UFTSJC6I0P9CKQ84HKP77XC51DSE8H71L2YWMDSG5HAQ7U2R0V856J1NT', '1789-1-29');

insert into CHATROOM (CR_ID, AD_ID, AL_ID, CR_TOPIC, CR_DATE_OF_CREATION) values (2, 8, 19, 'FAEWL9GQ89V61BRNX4GROE5IASH173MVPWET10H 4JKFWDQ5LJLBP06CFBXWWSTG84M3BC1GPKR1L9SPTXN9 9LDYH2RHL5FM2LY04NS51CHA0LTF7AO3S6GNEIDPK50QPBTCFTJ30R O9OR75T14P0SJQU3KW49B4C WSEDI8FCSJ44XUCBV4QQTSEIH59HNN8CYNYIXQ4IBOIQFTNPNLE55KG2 80KB75R0H3LKC1W MSBSMY2QMLM RLNXN0', '898-4-4');

insert into CHATROOM (CR_ID, AD_ID, AL_ID, CR_TOPIC, CR_DATE_OF_CREATION) values (5, 11, 6, 'X4EQ2XLM3L7H6G5XEA7JQGHR0Y7Q7BI9XP8 QI5YFM2TMXJHK1QKR9N9VMG1QFH8WV37KA0X7TXIN12NX89D0PSNGPHGGXSPTF KRMYFCX8TLKGBS66J5NJOSM3KSQ719EPOQ9MNUFUH 8QPYI26HY6H4M9FE2XHVEID9D91PPTY4UWJ4NI 0D BBG30E45G RB7OO97M87V9EDSAH38ET2DA9MIPPNG0MESIKE2IML1UYWGSCFF6A1TGHM8GS9', '688-7-12');

insert into CHATROOM (CR_ID, AD_ID, AL_ID, CR_TOPIC, CR_DATE_OF_CREATION) values (14, 16, 12, 'I T7VG03DYGUKRHGG91GBY5V6II82Y1MF0I6TNQ6KOIAQKY648DME NM50LUR9POBI4YKFPI83RLH5QP0WNR49TDJY8QRLLL5A8CVT9LOTG 9NUX7N6H 5FVC0MWAP2OO01PLXUCSC0BPU180J5V5KGPSAX401476E3AWTTRJ6DNCYM9SSRGOTJ77EI6GMDO5TG0W24TJ44C6KHWCYH8XP48VCJM15WK1TOT ALN20KELLAMW AA3M34MODMLT7', '1347-1-12');

insert into CHATROOM (CR_ID, AD_ID, AL_ID, CR_TOPIC, CR_DATE_OF_CREATION) values (10, 16, 12, 'XY3PCHDB160593FXT4IDQECS2LVWCNXDKBQ2DSHNL7A3O9I54AJWAIWACUT9E8GX61E3L0QUAHSJ7C6TL O4IEDCPWQA77U2QC14X96X7XGJ M0O19X6M6XV1U86PO2I4R58LTKC73K  RJULI3TIVMUKQTY0HB4PKKQD6JQX90O1YCD4PYP2TBSH0KA4QQHG3BS9MTN88RQ3KMJS8FPM7AK5GJ2A HJOH HRST7GCSOYC3UH71XCT6OSYTKQER', '1409-1-10');

insert into CHATROOM (CR_ID, AD_ID, AL_ID, CR_TOPIC, CR_DATE_OF_CREATION) values (17, 12, 18, 'C4JRY1UHOQGA3F6OQQMJV1IAKK3P0W4D67SCW4IV3GFT576FBQ1EJVG5N6FCL8UUGDADFM6 O9UHISH4P364HBRHBVT9OW32OVXLVRNN3T G5WB502C87WCD81L8IS3KP2S2F7MX8JMWJSR4VP4TPIIOP6WYNSB BHBKK AA6PVDKRAU3O2989E95B5O8VUP1VDHRNOFLRKG6E6WRQH9H8L5WC 372J7UI1XL1CQ7NERFTEASUOQ8BJ4M2XJ5TT', '364-6-27');

insert into CHATROOM (CR_ID, AD_ID, AL_ID, CR_TOPIC, CR_DATE_OF_CREATION) values (1, 18, 5, '549RBG3GQOD1INRNK NI16VD8IOBM74FI2AVD14J7KVVSHDO9IQCJJNHTSC77N3JU50VEVHSAJN6 O2UEDCG1XWU 3US6IADC1BRXWGMRCY18W61IP7DUM78MY1IAND 39F84C7L3PC8ADSGJYUBR2KROWW9QK NAPWS9UH3A6FWW546AWSUJ2YJ9VR4M52P4B3I3UOFTP8HQURHPQ4S85UTNKORKL5AOAMLXI6GW2RO FL07YUI XK9DFYMS1O', '1652-7-5');

insert into CHATROOM (CR_ID, AD_ID, AL_ID, CR_TOPIC, CR_DATE_OF_CREATION) values (11, 12, 3, '9P6FR8ONX10718ROXBOHIQYB8 4WOR0SKIX1A5JILVIV27K424QVJAH7OWWS1289G4MR8LE5KJUIYY3V8D91O2N5YTS9QY2QYPASUU5KHQN5IUK2989BA0ET OPYEKS4BL22 IORW8I 3PMOL36MI MWNU17H6SYVERBYL31C6CND8SS15EEAS1EF9RDINPKEJT2CUSVWH8 IFBCOMC5R81L3IM7MLVF3QP0877KWLTIPFI20E0AQGJJ5FMFKSY', '1024-10-15');

insert into CHATROOM (CR_ID, AD_ID, AL_ID, CR_TOPIC, CR_DATE_OF_CREATION) values (19, 3, 13, 'S8 V81A52MJYTL1NWP5D96D11K2X6A T2SCIGAL5AFJOCOH68QORFIKCCK55N4E4A47YK30PRTSXI6SL6AMO56JDYIXQJG1F V DRX14IRRHLOQ1HQNLHED O8SS1DDTBXFL03HRO4PPFHTEUIMOVKXR02FYIM3H4YHKS5R6K9JE D5TA75IK0NT5RKGXTM2G1UJ3WCT29J71ICG31N4FKCGBWVDYU9TXV5OJH09WVAKFUVIN82 MKN6X W1JXU', '1210-2-27');

insert into CHATROOM (CR_ID, AD_ID, AL_ID, CR_TOPIC, CR_DATE_OF_CREATION) values (12, 4, 17, 'DEV0ED04B83TM2H9SX1VHAQVWXT818IYPF8LTWW71F90FAVED1J 2R53QGEIYKH61M5GDKPIMTTSG9FRGNNBOFQHE85POACNWE5KN3JQI1WDKUYUK HC4J80 DUN8TODRUJMTMWU5CKB360OV0RNYPWKRNKW9DXM450D79N6GUQSCTG CDVB27H3D1 6S02JTYPNH7F0OQPCSYET95ACQWKY63GOCU9P YS4E0AB251C9 16X9R6MVWT4752WHS', '1108-1-14');

insert into CHATROOM (CR_ID, AD_ID, AL_ID, CR_TOPIC, CR_DATE_OF_CREATION) values (8, 3, 15, '7E6Y8 18BT5MCE7IXOTC PU8UX64LR2IKO99636UH1ANBDKJVQM4PL4IETL2Q1MH4MXJGAR0JBHEFQTT0061ELCUXT5EBFNJFCLCL3G JOTO13IC4UIJLDX931GNX26FTKBLF96K8KBHK3AYOWUDUY8MG1QBAOIHGIWBVU8RXUQ JUE6TNAGN5SUX3VJYJ4TPDSW266BW1CL4HJNGYHSN7M7914QVOS6X THTQ1V49XU9ERYWIEA1OK19CN1V34', '1-1-1');

insert into CHATROOM_NACHRICHT (CRN_ID, ACC_ID, CR_ID, CRN_INHALT, CRN_DATE_OF_CREATION) values (2, 11, 7, 'GQ9IOSQCSE3KN1T4EK60DBU8VFT2JQKJW2JO8 GCW69A9O1COYBMTI8YFPJWQALVM4B8C1S0Y6T168GM1JD02S7MUO6TA4O05EBHNM1ASI8F16WR9VPQB3LQW4I42T25HRN4G504OM7UI11OI0I 72UELC DJBPPAG8K XGND9C3P3MPYQDT VL6WR1SYP7EIOGG4QRKOHI8UA3KDY4JWYX0LL9H194FK9STFSP VFSXK968IY2C4 T13B2A18R', '1816-8-1');

insert into CHATROOM_NACHRICHT (CRN_ID, ACC_ID, CR_ID, CRN_INHALT, CRN_DATE_OF_CREATION) values (16, 14, 2, '7L8AYVH4VIOETY1EPJ9KQSEF59P8XK8HOWVA44WQ55NLR0E3N9CEIQ676DW324TCU492C7GUX824F3IOH4KD6J2UQQIBYOVC46U4J TVS58EY1F4125X722CEUSPFHRUEVAPGP YG7G RNAR7LLF906SP57N076KEJF95T3U6VF1VEWW5C KXPFQLTGVC8073COFVAN8QK2A1SFH8T7MMGR3 K5MGKCWBO5H6B11UHEOHV M5XY5I4L85HRQIVR', '611-4-1');

insert into CHATROOM_NACHRICHT (CRN_ID, ACC_ID, CR_ID, CRN_INHALT, CRN_DATE_OF_CREATION) values (3, 7, 5, 'OTS7I74Q2TCK204 7UFC1YYCI3EWGHF4B53B93YXM0U0CY LGATHR85YA39EY7OIF55JUP8YNEL87GXO3I2AOIV6USIHG5RQL0E5SBIYF11PQ39CQR5T18F5 1X06FJF9WXYM3NEQD9NG7UIIMHN8KMXDY46IFN 4 24Y5G333NXWTQXMY9SDWOCOT0B73YGVUINWEV PJ9Y01L37K9T63C6T SHIHXCHRN4OVGA6M95XKOP9566LVM2U7R S2 ', '1706-9-1');

insert into CHATROOM_NACHRICHT (CRN_ID, ACC_ID, CR_ID, CRN_INHALT, CRN_DATE_OF_CREATION) values (6, 12, 19, '7GWIGRQ7VTU18TV31UNL7UPVLGI01G083IE3SOU27INS5S10Y17U0QF1STB B5N4LN30F7SG2KSRPPSO60N0T1PCG8Q6 N00QBM9E5WTGWNKSX181EMFGCNWGGYGAABQS5XSELRHHJCQSCQ6548OGROQ3TC54K3N6WMODWK5FAS KFDSUXYJ2JMIELMJHAM6D107662FNIJULX9FOHS9RNNB6YQ0CCLJK9RVLRT8B7YE3QLEVNPMHT2 G159POA', '786-10-31');

insert into CHATROOM_NACHRICHT (CRN_ID, ACC_ID, CR_ID, CRN_INHALT, CRN_DATE_OF_CREATION) values (12, 6, 15, '47SCEG 3DNJGJMMO7D T1T0S5WTKVQ9KOEXYDLXPJI1 1B8J7TM4VQ9JLL6KC3GCIX635TYSQLG 0C9U9A  XPJC3ORDV8NUECN9K994FS 8JH95S7H XNKMV6OXXF8E2 BDLIJV0BP01I4XVOYHYGM8TG1KUQYDOF8OP1IWVXIV9W81MDPF7YQ G48T5WXO 9VHLLVR0BBNVL38IVAQGLO3P46F5UHB73S6Y95P2R6RO9B75LMDHE89CGB9CH8', '1-1-1');

insert into CHATROOM_NACHRICHT (CRN_ID, ACC_ID, CR_ID, CRN_INHALT, CRN_DATE_OF_CREATION) values (13, 2, 19, 'MT2D3IRAVYQX5FEX2TWW4 S9T92ERHSYFLD77UVY1RAE1TWQDKEOQIS5E96L22E UJSUK6DC3S74YG5R0EEYCVOCS8U7R859SUF7S3YD2Y7UV7BDXLAHG84IS8K590KXX3W3NVTR16X44YA5XFA0UWXSPO4P5DNQP63A71C93UGFWQJ9PL8HG3KR SN YNII SOHPFLUTMP F5TXL7I36Y66CT990P9BC38 PIUI0E2902MPWCVIPVM1H3093E1', '506-4-27');

insert into CHATROOM_NACHRICHT (CRN_ID, ACC_ID, CR_ID, CRN_INHALT, CRN_DATE_OF_CREATION) values (9, 16, 7, '14AXSSORXQKBL3JSO7959PP6W60TDB VFQ7OYKX 2INLE3L7ISW9DGIKLK2 UM028TOQLNJ5FWA91QVXM864 TTHTCL95M888AS8RKAKVLM3LRFA5 ENI6NI4 HX8F4SK6QAHUYCNVBVBPXX6TDXTHO4C98HCEHPX6T8R7CKP0SEV3XO OA J78YECEBL06Q8VC91J27H6CR1EKF65G3E0SDH305YBJACBKIBKK8GM0V25MOBYNTN0O3GERHNCD', '1483-11-13');

insert into CHATROOM_NACHRICHT (CRN_ID, ACC_ID, CR_ID, CRN_INHALT, CRN_DATE_OF_CREATION) values (15, 8, 16, 'VT1XS4MINTHCU36RQFKTCMHFX5KJK44S8HUVRW4FBYF1KXPG0B4YYF9RBDRC8FSHIYKH7LIB56D99 U347LNJQG3JHT5AR5G7H669MRX59YW8FTFBB888GOE9ROR3GP13 1TJH385RNUWBC08LMPQE6DGM4UWOEUD5G9IU98282FES49KB XI03PWFBGK2JSWJISQDNB6XRRRMQEUK27MVS 9F0F231JP UL3E7X 6GVKSB3QRSEHM6KNOOVMHQ', '78-7-23');

insert into CHATROOM_NACHRICHT (CRN_ID, ACC_ID, CR_ID, CRN_INHALT, CRN_DATE_OF_CREATION) values (4, 10, 15, 'QK7O0CGA2TTF7S4XY2LIBJORA81S0WTPK1YF7HQ3YDXFKOF0DKT6NJ7GBAXUES5TV23IH3X12IVOL6N0MW7GWB 22LK1TSH89VU3 8UPLMMKIOAUKCNCC2QLWYVR 6M8IRU761SGH2O0MGVVGJBLYL4APGIMF2YMPYLTHHERD1Y5GG6HCPCTKVRP6EPD4SC0O9CDDB0V2NK3JDQE94E065CD6TYPNM4669T4JACNBQ7YJRP5VKXI5AQ6B3I817V', '1039-1-6');

insert into CHATROOM_NACHRICHT (CRN_ID, ACC_ID, CR_ID, CRN_INHALT, CRN_DATE_OF_CREATION) values (19, 0, 13, 'XGU68RGYJCLHI5SGVWQQQAKUANYIT390EKUVCHB0OIFPMDFM4R0WQN41YA7WRXTSNSK1OV70OPEY3XCLAH A1TI1JKASC0YY0MKQVS4RN2UTHOIC77XRNWPO68NCPUW613AC8OXUGCQPRLBRW393TXBX55RBTYO8XY3TXC7G9TSROFPLK2VYJGOM735LU8YSKKJWCY0KDKWV7P60A9UN BTTMJ48FHJXEHA03 5YBKDKAN1E88WTLRO3 N5JNBW', '296-10-2');

insert into CHATROOM_NACHRICHT (CRN_ID, ACC_ID, CR_ID, CRN_INHALT, CRN_DATE_OF_CREATION) values (1, 8, 10, 'VJA2NM684ULA0CKAIK0AB8I 2OBA2N4B5KBQC50J528MPGBF3JLBOUF5CS8S70PN9VSAFOG158P7CR2PMDNIUXXD20IXAII PIJV2QRRL6EP3SCRK8NY RIMJ3QH1A8JDPK9K3WAI3FRUJLK 27WMGCQQDIWVKGJ1O0ECL5BAYYG5VYEGCA00T9RYLFXOID5RGLR5FA5O2QFHS2KRN734G1FXFSJUY535Y0IP QJ15FD3PVFS2PR7AG2 GI9PBL', '1591-7-7');

insert into CHATROOM_NACHRICHT (CRN_ID, ACC_ID, CR_ID, CRN_INHALT, CRN_DATE_OF_CREATION) values (5, 0, 13, 'X6 X9SVR0G FXY6ULDGUPLO6HAN42K41O4T2VNA6S0MDAY XOFSFFM35VOT02KV2XT J OR2LWKMKWHJOHH30YLEE9WFJ9FIN70 PM Y2QTC3VYYHW49H9EN9IU22WGYL726V40FAHHQE5J6EF0FL0J5XINNN0TFMS F920PRJRS8TBXY29F BUO32RLC70 A21OYLLQ8QG6GGE8YN7UGUI04JKNM0SSRBKU915UOH20H O2UOES 83WCQFBDVI', '1337-7-2');

insert into CHATROOM_NACHRICHT (CRN_ID, ACC_ID, CR_ID, CRN_INHALT, CRN_DATE_OF_CREATION) values (17, 3, 3, '6GWMPG0OHHEEDXTOVS6LWFO9P 6JR6UCIU0OTC63TAF5JY8F0VU69ERR1NLNAQA3MTSUJLO9RL7W62NH67D9B80Q5GQCEY322STQ37G7KELDQTAK3RMVB0QBVPQ6A0R9CVITOQLWHY67B6NWOU2U0QS AQH0S FY3 9IN14NTQNWK HF4HVJ U34SJATQ S4R4LDTUN5FKLBYTJKVG0RYQV2VY0FR17RT  UFUKJ2CEKVHQTJIO7LTDT4JS5GH4', '716-5-21');

insert into CHATROOM_NACHRICHT (CRN_ID, ACC_ID, CR_ID, CRN_INHALT, CRN_DATE_OF_CREATION) values (8, 15, 12, 'LG0OKRYNLN1S1S7D6K6RQXLM02VDCEJ94HUYXJ8MR3C4FQ6KBSDN4FKYPUS4RAQJPR8RN3RCV616BVVH1ABA0C9DK8SJ79A9VYRJSVNV63WPOG3GCLCTG6HC19US5VJ7CS1VB439DCY7743M38YH5VGQDL4K 2BFVD3CEVHETIU2G1QGETVTO3B05S B97QIOHLEMWGSLD116EEEF6HOCCHAQBBQ0WJQEJQST7SM0QUT0C 0LDCLEVE39DFSMTL', '419-4-18');

insert into CHATROOM_NACHRICHT (CRN_ID, ACC_ID, CR_ID, CRN_INHALT, CRN_DATE_OF_CREATION) values (14, 11, 0, 'E746Y1WASP3FS5YI9ON9BG4Y7FQGX9CTGU0YQG3NA4T0FYF0R99J 50OPWY020IQ0YC G9JJUR89086TOIA PPE39DL1KRVRS81THQIT8 1D6TDNEXFBM15471X1QYBJK83XMUBH02BTOQ7K2YKONEM7334PK9 KUUBHDHEQGR3TVTDIVL29433CCO20OCGIXA0FSKWAFILLH75S9I7ANS9GH  PACITIN67UNXAVW5TJ8TFF 3R91II9DEX4PB', '1098-9-22');

insert into CHATROOM_NACHRICHT (CRN_ID, ACC_ID, CR_ID, CRN_INHALT, CRN_DATE_OF_CREATION) values (18, 5, 2, 'I0QQORGNH8KQPFTGVNEYFQPCULBR5 1ORBI1 V1305ENVCY4C 01SVAK3UUTWCJU3E81ETOFWLFLXBOCA7LSQNP MK19PSN1CR6BL5NPG82ODWJ66T8I03C150Y3DFJ4K6RATSIHB5WT4 48BSLNAP233VVC0602SWO1E O NHQ5KTS2UYX991LO8VIOKUROGXBNSD2UQ8TVAFXCK6XYRJLNDFHL6PR3O2I2FSC3AP2DWMR8N666Q1N1NBEFYNB', '913-11-27');

insert into CHATROOM_NACHRICHT (CRN_ID, ACC_ID, CR_ID, CRN_INHALT, CRN_DATE_OF_CREATION) values (0, 0, 9, 'KD59KX5I8MRTFCDEHG6QJNB74QQ8UB30ICSRC0I7EYDBA CF1 TLGXO68SY 6G2UMSD8X03TT4HLV4SG82J6HE 9N553DSSGI1E5SPBRCK2M724A5G33S73L9LKSKC3CT0X3MM6O1OO8M PS1NT4RPKIO8WQPLO8594PKRU1NULJAE7DIWAMFX1IYH7C 2INJLC0F2POWN06P3AQU85SBKP5A50VFAVSWBVN QQ14VCYCPIWHJKQSQIS14JQJY0', '1909-8-2');

insert into CHATROOM_NACHRICHT (CRN_ID, ACC_ID, CR_ID, CRN_INHALT, CRN_DATE_OF_CREATION) values (11, 13, 11, '22EDN79DN8FU9GT9K51VWT76QRU6WBTRYTKB9K107HXGREK58E3MQGTQHLNHH1G42P5C0 620TFB8GD07V9VUS2PR7300D4D AD61F2RT015M6MXL31UOERW7MDBNHGJI4MD2YK6S5BF8LJ6WN7ES0RTQ7O 4E P0UUM1WM1715W POO39TNCQ4D05ETORV08ABW9EKICFEJ6UNH097 3GRJ M70Q4O1A8J4HFP6N4527 5145W4QWMXN70OVWP', '158-9-9');

insert into CHATROOM_NACHRICHT (CRN_ID, ACC_ID, CR_ID, CRN_INHALT, CRN_DATE_OF_CREATION) values (10, 10, 14, 'O5GGHNHOTCBN2ND6TNKCDQO6DBF9CI7CWOWGQ3WJL33MW1S4R7W 063YEUT ISXG5UIAKW2BLFVTARCKISJUSLM89Q XWOYP 2HP1UM25D3AMA IA6TERTJWWS W57EYO2OCPQ5F9P6NMUYP84NN9IG1BI209ULS06D37GB 4QD RTI4VEIKB7C1WFHCDEDDKMAL51B5435DFPOUX6X6MIUBV23I0JCKF7 B H 4EGM79S1G1Y8VXL3W0P NVEB', '1214-7-23');

insert into CHATROOM_NACHRICHT (CRN_ID, ACC_ID, CR_ID, CRN_INHALT, CRN_DATE_OF_CREATION) values (7, 4, 9, 'Q1B9N7828LQ8C6PQCQ1HTQBO7CPEMWV00RLBX7SR3BAVUTWY1OGT177 J7EKR5AJAS7PPU3H0DXMRU1KBM1IL2AMUDTMTRO4WKS07ATR5D0CNT07PV40FT RT2Q9WNMX1GY1A92C5I211W5O 45XWKRR14KWAC8EC4BPUVTH5EN2HOW7KKEBTN8UM07Y0NEQH1QQAX2H5I01LOJ2Q9UBTHS K55GJPNGFMJG8CRD9PMUINMIWYMAQSFNH4SPK W', '1816-8-1');

