/* WELT PLACEHOLDER */
INSERT INTO WELT(WELT_ID, WELT_FELD_X, WELT_FELD_Y, WELT_NAME)
VALUES (1,1,1,'welt 1');

/* ACCOUNT */
INSERT INTO ACCOUNT(acc_id,welt_id,acc_username,acc_password,acc_email,acc_letzer_login,acc_premium,acc_payment_token)
VALUES (1,1,'tnorridge0','jHTm8SIcdOV','elongstaffe0@vkontakte.ru',TO_DATE('2021-07-08 16:34:26', 'yyyy/mm/dd hh24:mi:ss'),0,'9f71a834ab6b19e5f95958604dfa8eb2e0547f64');
INSERT INTO ACCOUNT(acc_id,welt_id,acc_username,acc_password,acc_email,acc_letzer_login,acc_premium,acc_payment_token)
VALUES (2,1,'ppolle1','BRZJrQwntT','ofew1@wikispaces.com',TO_DATE('2021-01-18 17:20:31', 'yyyy/mm/dd hh24:mi:ss'),0,'68db480f187a19bfc6c47c9c19082af9bade668e');
INSERT INTO ACCOUNT(acc_id,welt_id,acc_username,acc_password,acc_email,acc_letzer_login,acc_premium,acc_payment_token)
VALUES (3,1,'rdearness2','QMkF9Sv2Zvy','abrellin2@google.com',TO_DATE('2021-10-30 05:57:32', 'yyyy/mm/dd hh24:mi:ss'),1,'578f3c74394bfa343e7075f7f5f8b13eccb66142');
INSERT INTO ACCOUNT(acc_id,welt_id,acc_username,acc_password,acc_email,acc_letzer_login,acc_premium,acc_payment_token)
VALUES (4,1,'zpridham3','IktWLXp','ffrisby3@oracle.com',TO_DATE('2021-04-25 22:57:58', 'yyyy/mm/dd hh24:mi:ss'),0,'2de8e578c6a674b61faa3872b02621dfdf552a30');
INSERT INTO ACCOUNT(acc_id,welt_id,acc_username,acc_password,acc_email,acc_letzer_login,acc_premium,acc_payment_token)
VALUES (5,1,'mstrange4','azju63','spenniell4@liveinternet.ru',TO_DATE('2021-02-13 05:59:24', 'yyyy/mm/dd hh24:mi:ss'),1,'885a4c71754ee4eace35e963194400f2c17a0a91');
INSERT INTO ACCOUNT(acc_id,welt_id,acc_username,acc_password,acc_email,acc_letzer_login,acc_premium,acc_payment_token)
VALUES (6,1,'bkeuntje5','vvb38Ss5','ddemogeot5@jalbum.net',TO_DATE('2021-05-19 20:01:22', 'yyyy/mm/dd hh24:mi:ss'),0,'d447f2709ccf7af0956cfef42543004af35503cd');
INSERT INTO ACCOUNT(acc_id,welt_id,acc_username,acc_password,acc_email,acc_letzer_login,acc_premium,acc_payment_token)
VALUES (7,1,'jbryers6','5JGFOWQQzgn','dmoughtin6@naver.com',TO_DATE('2020-12-24 18:04:03', 'yyyy/mm/dd hh24:mi:ss'),0,'703b9d5347fa4ac6b4a9976a0cadb3b9706398f9');
INSERT INTO ACCOUNT(acc_id,welt_id,acc_username,acc_password,acc_email,acc_letzer_login,acc_premium,acc_payment_token)
VALUES (8,1,'bmusto7','R0CTvyvvRI','dhawtin7@behance.net',TO_DATE('2021-01-28 17:07:55', 'yyyy/mm/dd hh24:mi:ss'),1,'a1dbe0d7d0c7ad061bf5e17d80013f2d13913b1b');
INSERT INTO ACCOUNT(acc_id,welt_id,acc_username,acc_password,acc_email,acc_letzer_login,acc_premium,acc_payment_token)
VALUES (19,1,'mhakonsson8','dBIwh3','jchristophersen8@fc2.com',TO_DATE('2021-01-02 03:00:28', 'yyyy/mm/dd hh24:mi:ss'),0,'811312f6c93314334063d79761ce5385ff85cc41');
INSERT INTO ACCOUNT(acc_id,welt_id,acc_username,acc_password,acc_email,acc_letzer_login,acc_premium,acc_payment_token)
VALUES (10,1,'adytham9','bXCU8Sxjfin','trhelton9@aboutads.info',TO_DATE('2021-10-10 02:52:35', 'yyyy/mm/dd hh24:mi:ss'),0,'76ea580bba382edb247da39bdf82d2c50ae8254d');
INSERT INTO ACCOUNT(acc_id,welt_id,acc_username,acc_password,acc_email,acc_letzer_login,acc_premium,acc_payment_token)
VALUES (11,1,'llezemorea','8vKZcdaI','mhickina@exblog.jp',TO_DATE('2021-08-27 07:03:10', 'yyyy/mm/dd hh24:mi:ss'),1,'8a1a140183826b36dde915b02ab847adf4a708e6');
INSERT INTO ACCOUNT(acc_id,welt_id,acc_username,acc_password,acc_email,acc_letzer_login,acc_premium,acc_payment_token)
VALUES (12,1,'nkirkbrideb','3CBy0reCOoXV','ehulkeb@addthis.com',TO_DATE('2021-08-21 00:45:51', 'yyyy/mm/dd hh24:mi:ss'),1,'ec6fb013898f6229a7a38ad3903e5af36996a3aa');
INSERT INTO ACCOUNT(acc_id,welt_id,acc_username,acc_password,acc_email,acc_letzer_login,acc_premium,acc_payment_token)
VALUES (13,1,'sgrimwadc','Eg20sJOxbs','mcobelloc@amazonaws.com',TO_DATE('2021-07-13 14:17:06', 'yyyy/mm/dd hh24:mi:ss'),1,'00eeb82ea0c7462d1bf06ee39efb531459c65cda');
INSERT INTO ACCOUNT(acc_id,welt_id,acc_username,acc_password,acc_email,acc_letzer_login,acc_premium,acc_payment_token)
VALUES (14,1,'lthreshd','JVDJIVthCo9f','ebarberad@adobe.com',TO_DATE('2021-09-11 11:04:23', 'yyyy/mm/dd hh24:mi:ss'),1,'e7c8296655d58678fa4ce63ad468f07e44a5f5a1');
INSERT INTO ACCOUNT(acc_id,welt_id,acc_username,acc_password,acc_email,acc_letzer_login,acc_premium,acc_payment_token)
VALUES (15,1,'pholmese','wuJWBF','jwoodere@list-manage.com',TO_DATE('2021-09-05 22:54:43', 'yyyy/mm/dd hh24:mi:ss'),1,'4129658a6a43efca3eb5b036603ead7783bc59ce');
INSERT INTO ACCOUNT(acc_id,welt_id,acc_username,acc_password,acc_email,acc_letzer_login,acc_premium,acc_payment_token)
VALUES (16,1,'areddyf','N58ME93g6BI','cshottonf@amazon.de',TO_DATE('2021-03-10 11:52:46', 'yyyy/mm/dd hh24:mi:ss'),0,'a16227ef49f64c0316436734b10fbd95847930ff');
INSERT INTO ACCOUNT(acc_id,welt_id,acc_username,acc_password,acc_email,acc_letzer_login,acc_premium,acc_payment_token)
VALUES (17,1,'ipunchg','EZhi5f7VDaq','ebracknallg@technorati.com',TO_DATE('2021-01-18 11:45:41', 'yyyy/mm/dd hh24:mi:ss'),1,'ba7715050c110dd26276f1d723cf39f5562af20e');
INSERT INTO ACCOUNT(acc_id,welt_id,acc_username,acc_password,acc_email,acc_letzer_login,acc_premium,acc_payment_token)
VALUES (18,1,'kcoulsenh','ZYco1Ys7S','zclaisseh@blog.com',TO_DATE('2021-07-11 02:27:01', 'yyyy/mm/dd hh24:mi:ss'),1,'a94c18844d114936172f09a3969662656cbf87b0');
INSERT INTO ACCOUNT(acc_id,welt_id,acc_username,acc_password,acc_email,acc_letzer_login,acc_premium,acc_payment_token)
VALUES (9,1,'cjaimezi','o6ZZ0D','sbartkei@cnn.com',TO_DATE('2021-01-07 12:07:26', 'yyyy/mm/dd hh24:mi:ss'),1,'75f5b2d1a38914bb59e405e6ca0eee8c205b4a94');
INSERT INTO ACCOUNT(acc_id,welt_id,acc_username,acc_password,acc_email,acc_letzer_login,acc_premium,acc_payment_token)
VALUES (20,1,'ifullej','CpcKLE','kallcottj@booking.com',TO_DATE('2021-05-01 16:02:23', 'yyyy/mm/dd hh24:mi:ss'),1,'126d1df38b226e39027ce0f2b9b5182bfcb3af10');

/* ITEM */
INSERT INTO ITEM(item_id,item_name,item_beschreibung,item_preis,item_verkaufbar)
VALUES (1,'general booster (20 h)','boosted die produktion aller rohstoffe fuer 20 stunden',10,0);
INSERT INTO ITEM(item_id,item_name,item_beschreibung,item_preis,item_verkaufbar)
VALUES (2,'general booster (10 h)','boosted die produktion aller rohstoffe fuer 10 stunden',7,0);
INSERT INTO ITEM(item_id,item_name,item_beschreibung,item_preis,item_verkaufbar)
VALUES (3,'general booster (1 h)','boosted die produktion aller rohstoffe fuer 1 stunden',2,1);
INSERT INTO ITEM(item_id,item_name,item_beschreibung,item_preis,item_verkaufbar)
VALUES (4,'lehm booster (40 h)','boosted die lehm produktion fuer 40 stunden',9,0);
INSERT INTO ITEM(item_id,item_name,item_beschreibung,item_preis,item_verkaufbar)
VALUES (5,'lehm booster (20 h)','boosted die lehm produktion fuer 20 stunden',6,0);
INSERT INTO ITEM(item_id,item_name,item_beschreibung,item_preis,item_verkaufbar)
VALUES (6,'lehm booster (2 h)','boosted die lehm produktion fuer 2 stunden',1,1);
INSERT INTO ITEM(item_id,item_name,item_beschreibung,item_preis,item_verkaufbar)
VALUES (7,'eisen booster (40 h)','boosted die lehm produktion fuer 40 stunden',9,0);
INSERT INTO ITEM(item_id,item_name,item_beschreibung,item_preis,item_verkaufbar)
VALUES (8,'eisen booster (20 h)','boosted die lehm produktion fuer 20 stunden',6,0);
INSERT INTO ITEM(item_id,item_name,item_beschreibung,item_preis,item_verkaufbar)
VALUES (9,'eisen booster (2 h)','boosted die lehm produktion fuer 2 stunden',1,1);
INSERT INTO ITEM(item_id,item_name,item_beschreibung,item_preis,item_verkaufbar)
VALUES (10,'holz booster (40 h)','boosted die lehm produktion fuer 40 stunden',9,0);
INSERT INTO ITEM(item_id,item_name,item_beschreibung,item_preis,item_verkaufbar)
VALUES (11,'holz booster (20 h)','boosted die lehm produktion fuer 20 stunden',6,0);
INSERT INTO ITEM(item_id,item_name,item_beschreibung,item_preis,item_verkaufbar)
VALUES (12,'holz booster (2 h)','boosted die lehm produktion fuer 2 stunden',1,1);
INSERT INTO ITEM(item_id,item_name,item_beschreibung,item_preis,item_verkaufbar)
VALUES (13,'einheit produktion booster (10 h)','boosted die einheit produktion fuer 10 stunden',7,0);
INSERT INTO ITEM(item_id,item_name,item_beschreibung,item_preis,item_verkaufbar)
VALUES (14,'einheit produktion booster (5 h)','boosted die einheit produktion fuer 5 stunden',4,0);
INSERT INTO ITEM(item_id,item_name,item_beschreibung,item_preis,item_verkaufbar)
VALUES (15,'einheit produktion booster (1 h)','boosted die einheit produktion fuer 1 stunden',1,1);

/* ACCOUNT_TO_ITEM */
INSERT INTO ACCOUNT_TO_ITEM(acc_id,item_id,anzahl)
VALUES (1,11,28);
INSERT INTO ACCOUNT_TO_ITEM(acc_id,item_id,anzahl)
VALUES (1,12,5);
INSERT INTO ACCOUNT_TO_ITEM(acc_id,item_id,anzahl)
VALUES (2,4,16);
INSERT INTO ACCOUNT_TO_ITEM(acc_id,item_id,anzahl)
VALUES (2,6,13);
INSERT INTO ACCOUNT_TO_ITEM(acc_id,item_id,anzahl)
VALUES (2,1,27);
INSERT INTO ACCOUNT_TO_ITEM(acc_id,item_id,anzahl)
VALUES (3,13,21);
INSERT INTO ACCOUNT_TO_ITEM(acc_id,item_id,anzahl)
VALUES (3,3,24);
INSERT INTO ACCOUNT_TO_ITEM(acc_id,item_id,anzahl)
VALUES (8,13,7);
INSERT INTO ACCOUNT_TO_ITEM(acc_id,item_id,anzahl)
VALUES (8,5,9);
INSERT INTO ACCOUNT_TO_ITEM(acc_id,item_id,anzahl)
VALUES (12,4,8);
INSERT INTO ACCOUNT_TO_ITEM(acc_id,item_id,anzahl)
VALUES (12,14,30);
INSERT INTO ACCOUNT_TO_ITEM(acc_id,item_id,anzahl)
VALUES (17,2,12);
INSERT INTO ACCOUNT_TO_ITEM(acc_id,item_id,anzahl)
VALUES (17,7,23);
INSERT INTO ACCOUNT_TO_ITEM(acc_id,item_id,anzahl)
VALUES (18,15,6);

/* AUKTION */
INSERT INTO AUKTION(auk_id,acc_id,item_id,auk_start_datum,auk_end_datum)
VALUES (1,3,4,'2021-08-03 05:33:32','2020-12-24 19:49:45');
INSERT INTO AUKTION(auk_id,acc_id,item_id,auk_start_datum,auk_end_datum)
VALUES (1,3,4,'2021-08-03 05:33:32','2020-12-24 19:49:45');
INSERT INTO AUKTION(auk_id,acc_id,item_id,auk_start_datum,auk_end_datum)
VALUES (1,3,4,'2021-08-03 05:33:32','2020-12-24 19:49:45');
INSERT INTO AUKTION(auk_id,acc_id,item_id,auk_start_datum,auk_end_datum)
VALUES (1,3,4,'2021-08-03 05:33:32','2020-12-24 19:49:45');
INSERT INTO AUKTION(auk_id,acc_id,item_id,auk_start_datum,auk_end_datum)
VALUES (1,3,4,'2021-08-03 05:33:32','2020-12-24 19:49:45');

/* GEBOT */
INSERT INTO GEBOT(gebot_id,acc_id,auk_id,gebot_wert)
VALUES (1,1,1,2);
INSERT INTO GEBOT(gebot_id,acc_id,auk_id,gebot_wert)
VALUES (2,2,1,4);
INSERT INTO GEBOT(gebot_id,acc_id,auk_id,gebot_wert)
VALUES (3,3,1,6);
INSERT INTO GEBOT(gebot_id,acc_id,auk_id,gebot_wert)
VALUES (4,4,1,8);
INSERT INTO GEBOT(gebot_id,acc_id,auk_id,gebot_wert)
VALUES (5,5,1,10);
INSERT INTO GEBOT(gebot_id,acc_id,auk_id,gebot_wert)
VALUES (6,6,1,12);
INSERT INTO GEBOT(gebot_id,acc_id,auk_id,gebot_wert)
VALUES (7,7,1,14);
INSERT INTO GEBOT(gebot_id,acc_id,auk_id,gebot_wert)
VALUES (8,8,1,16);
INSERT INTO GEBOT(gebot_id,acc_id,auk_id,gebot_wert)
VALUES (9,9,1,18);
INSERT INTO GEBOT(gebot_id,acc_id,auk_id,gebot_wert)
VALUES (10,2,2,3);
INSERT INTO GEBOT(gebot_id,acc_id,auk_id,gebot_wert)
VALUES (11,4,2,5);
INSERT INTO GEBOT(gebot_id,acc_id,auk_id,gebot_wert)
VALUES (12,6,2,7);
INSERT INTO GEBOT(gebot_id,acc_id,auk_id,gebot_wert)
VALUES (13,8,2,9);
INSERT INTO GEBOT(gebot_id,acc_id,auk_id,gebot_wert)
VALUES (14,10,2,11);
INSERT INTO GEBOT(gebot_id,acc_id,auk_id,gebot_wert)
VALUES (15,12,2,13);
INSERT INTO GEBOT(gebot_id,acc_id,auk_id,gebot_wert)
VALUES (16,14,2,15);
INSERT INTO GEBOT(gebot_id,acc_id,auk_id,gebot_wert)
VALUES (17,16,2,17);
INSERT INTO GEBOT(gebot_id,acc_id,auk_id,gebot_wert)
VALUES (18,18,2,19);
INSERT INTO GEBOT(gebot_id,acc_id,auk_id,gebot_wert)
VALUES (19,2,2,21);
INSERT INTO GEBOT(gebot_id,acc_id,auk_id,gebot_wert)
VALUES (20,4,2,23);
INSERT INTO GEBOT(gebot_id,acc_id,auk_id,gebot_wert)
VALUES (21,6,2,25);
INSERT INTO GEBOT(gebot_id,acc_id,auk_id,gebot_wert)
VALUES (22,8,2,27);
INSERT INTO GEBOT(gebot_id,acc_id,auk_id,gebot_wert)
VALUES (23,11,3,3);
INSERT INTO GEBOT(gebot_id,acc_id,auk_id,gebot_wert)
VALUES (24,14,3,6);
INSERT INTO GEBOT(gebot_id,acc_id,auk_id,gebot_wert)
VALUES (25,17,3,9);
INSERT INTO GEBOT(gebot_id,acc_id,auk_id,gebot_wert)
VALUES (26,3,3,12);
INSERT INTO GEBOT(gebot_id,acc_id,auk_id,gebot_wert)
VALUES (27,5,3,15);
INSERT INTO GEBOT(gebot_id,acc_id,auk_id,gebot_wert)
VALUES (28,7,3,18);
INSERT INTO GEBOT(gebot_id,acc_id,auk_id,gebot_wert)
VALUES (29,9,3,21);
INSERT INTO GEBOT(gebot_id,acc_id,auk_id,gebot_wert)
VALUES (30,11,3,24);
INSERT INTO GEBOT(gebot_id,acc_id,auk_id,gebot_wert)
VALUES (31,13,3,27);
INSERT INTO GEBOT(gebot_id,acc_id,auk_id,gebot_wert)
VALUES (32,1,4,4);
INSERT INTO GEBOT(gebot_id,acc_id,auk_id,gebot_wert)
VALUES (33,2,4,8);
INSERT INTO GEBOT(gebot_id,acc_id,auk_id,gebot_wert)
VALUES (34,3,4,12);
INSERT INTO GEBOT(gebot_id,acc_id,auk_id,gebot_wert)
VALUES (35,4,4,16);
INSERT INTO GEBOT(gebot_id,acc_id,auk_id,gebot_wert)
VALUES (36,5,4,20);
INSERT INTO GEBOT(gebot_id,acc_id,auk_id,gebot_wert)
VALUES (37,6,4,24);
INSERT INTO GEBOT(gebot_id,acc_id,auk_id,gebot_wert)
VALUES (38,7,4,28);
INSERT INTO GEBOT(gebot_id,acc_id,auk_id,gebot_wert)
VALUES (39,8,4,32);
INSERT INTO GEBOT(gebot_id,acc_id,auk_id,gebot_wert)
VALUES (40,9,4,36);
INSERT INTO GEBOT(gebot_id,acc_id,auk_id,gebot_wert)
VALUES (41,15,5,1);
INSERT INTO GEBOT(gebot_id,acc_id,auk_id,gebot_wert)
VALUES (42,13,5,3);
INSERT INTO GEBOT(gebot_id,acc_id,auk_id,gebot_wert)
VALUES (43,2,5,5);
INSERT INTO GEBOT(gebot_id,acc_id,auk_id,gebot_wert)
VALUES (44,16,5,7);
INSERT INTO GEBOT(gebot_id,acc_id,auk_id,gebot_wert)
VALUES (45,2,5,9);
INSERT INTO GEBOT(gebot_id,acc_id,auk_id,gebot_wert)
VALUES (46,3,5,11);
INSERT INTO GEBOT(gebot_id,acc_id,auk_id,gebot_wert)
VALUES (47,8,5,13);
INSERT INTO GEBOT(gebot_id,acc_id,auk_id,gebot_wert)
VALUES (48,9,5,15);
INSERT INTO GEBOT(gebot_id,acc_id,auk_id,gebot_wert)
VALUES (49,4,5,17);
INSERT INTO GEBOT(gebot_id,acc_id,auk_id,gebot_wert)
VALUES (50,2,5,19);

/* BESTELLUNG */
INSERT INTO BESTELLUNG(best_id,acc_id,best_datum,best_wert)
VALUES (1,20,'2021-09-12 01:31:57',26);
INSERT INTO BESTELLUNG(best_id,acc_id,best_datum,best_wert)
VALUES (2,19,'2021-04-23 17:17:06',9);
INSERT INTO BESTELLUNG(best_id,acc_id,best_datum,best_wert)
VALUES (3,18,'2021-04-03 21:08:56',39);
INSERT INTO BESTELLUNG(best_id,acc_id,best_datum,best_wert)
VALUES (4,17,'2021-01-19 15:29:09',35);
INSERT INTO BESTELLUNG(best_id,acc_id,best_datum,best_wert)
VALUES (5,16,'2021-06-14 18:24:51',15);
INSERT INTO BESTELLUNG(best_id,acc_id,best_datum,best_wert)
VALUES (6,15,'2021-01-11 17:18:01',32);
INSERT INTO BESTELLUNG(best_id,acc_id,best_datum,best_wert)
VALUES (7,13,'2021-11-27 22:38:22',37);
INSERT INTO BESTELLUNG(best_id,acc_id,best_datum,best_wert)
VALUES (8,13,'2021-01-21 16:18:42',42);
INSERT INTO BESTELLUNG(best_id,acc_id,best_datum,best_wert)
VALUES (9,12,'2021-10-17 01:18:00',21);
INSERT INTO BESTELLUNG(best_id,acc_id,best_datum,best_wert)
VALUES (10,11,'2021-01-10 05:41:45',2);
INSERT INTO BESTELLUNG(best_id,acc_id,best_datum,best_wert)
VALUES (11,10,'2020-12-23 10:11:03',29);
INSERT INTO BESTELLUNG(best_id,acc_id,best_datum,best_wert)
VALUES (12,9,'2021-02-22 03:59:38',13);
INSERT INTO BESTELLUNG(best_id,acc_id,best_datum,best_wert)
VALUES (13,8,'2021-10-27 02:23:17',31);
INSERT INTO BESTELLUNG(best_id,acc_id,best_datum,best_wert)
VALUES (14,7,'2021-09-08 17:15:30',49);
INSERT INTO BESTELLUNG(best_id,acc_id,best_datum,best_wert)
VALUES (15,6,'2021-06-30 19:33:21',23);
INSERT INTO BESTELLUNG(best_id,acc_id,best_datum,best_wert)
VALUES (16,5,'2021-06-14 10:20:45',49);
INSERT INTO BESTELLUNG(best_id,acc_id,best_datum,best_wert)
VALUES (17,4,'2021-01-13 19:15:37',17);
INSERT INTO BESTELLUNG(best_id,acc_id,best_datum,best_wert)
VALUES (18,3,'2021-03-21 07:52:36',4);
INSERT INTO BESTELLUNG(best_id,acc_id,best_datum,best_wert)
VALUES (19,2,'2021-04-01 16:19:45',25);
INSERT INTO BESTELLUNG(best_id,acc_id,best_datum,best_wert)
VALUES (20,1,'2021-09-14 18:53:54',8);

/* BESTELLUNG_TO_ITEM */
INSERT INTO BESTELLUNG_TO_ITEM(best_id,item_id,anzahl)
VALUES (1,15,16);
INSERT INTO BESTELLUNG_TO_ITEM(best_id,item_id,anzahl)
VALUES (2,15,28);
INSERT INTO BESTELLUNG_TO_ITEM(best_id,item_id,anzahl)
VALUES (3,15,1);
INSERT INTO BESTELLUNG_TO_ITEM(best_id,item_id,anzahl)
VALUES (4,7,7);
INSERT INTO BESTELLUNG_TO_ITEM(best_id,item_id,anzahl)
VALUES (5,13,7);
INSERT INTO BESTELLUNG_TO_ITEM(best_id,item_id,anzahl)
VALUES (6,13,13);
INSERT INTO BESTELLUNG_TO_ITEM(best_id,item_id,anzahl)
VALUES (7,11,23);
INSERT INTO BESTELLUNG_TO_ITEM(best_id,item_id,anzahl)
VALUES (8,12,26);
INSERT INTO BESTELLUNG_TO_ITEM(best_id,item_id,anzahl)
VALUES (9,12,15);
INSERT INTO BESTELLUNG_TO_ITEM(best_id,item_id,anzahl)
VALUES (10,7,15);
INSERT INTO BESTELLUNG_TO_ITEM(best_id,item_id,anzahl)
VALUES (11,8,12);
INSERT INTO BESTELLUNG_TO_ITEM(best_id,item_id,anzahl)
VALUES (12,8,10);
INSERT INTO BESTELLUNG_TO_ITEM(best_id,item_id,anzahl)
VALUES (13,7,28);
INSERT INTO BESTELLUNG_TO_ITEM(best_id,item_id,anzahl)
VALUES (14,8,7);
INSERT INTO BESTELLUNG_TO_ITEM(best_id,item_id,anzahl)
VALUES (15,2,21);
INSERT INTO BESTELLUNG_TO_ITEM(best_id,item_id,anzahl)
VALUES (16,4,18);
INSERT INTO BESTELLUNG_TO_ITEM(best_id,item_id,anzahl)
VALUES (17,4,10);
INSERT INTO BESTELLUNG_TO_ITEM(best_id,item_id,anzahl)
VALUES (18,5,3);
INSERT INTO BESTELLUNG_TO_ITEM(best_id,item_id,anzahl)
VALUES (19,15,1);
INSERT INTO BESTELLUNG_TO_ITEM(best_id,item_id,anzahl)
VALUES (20,15,1);